PEDP Agency for Sorting,Dataset/Tool Name,Agency or Org Abbrev,Agency,Sub-Agency/Org,Original Location (URL),Downloading Entity,Responsible Contact,Row Updated/Reviewed Last,Status Archiving,Tags ,Existing Backup?,Backup Location (URL),File Type,PEDP Metadata Doc,Dataset Size,"Dataset Size_Units (MB,GB,TB, etc.)",Date Downloaded backup,Internal Notes,ObjectID,Source File,Dataset/Tool Name Backup,Subtitle,Archived Title,Keywords,CCH Terms,Subject,Original URL,Date Downloaded,Alternate (Source) Identifier,Description,README file?,Separate data dictionary?,Notes,Original Author / Agency,Deposit Digital Identifier,Depositor,Deposit Date,Time Period / Temporal Resolution,Is Your Data Geospatial?,Spatial Reference System,Spatial File Format(s),Spatial File Features,Documentation and Access to Sources,Source Dataset Disclaimer,Data User Support,Dataset Size Backup,Change Log
Census,"Aging, Independence and Disability Portal - Population Estimates 2020-2022",DOC - Census,Department of Commerce,US Census Bureau,https://agid.acl.gov/,EDGI,NJY / naomi.yoder@envirodatagov.org,4/24/2026,All Archiving Done,,Yes,https://doi.org/10.7910/DVN/MTY8DO,XLSX,https://docs.google.com/document/d/1TnQNuD-8_PQaHgMKy2Yg-kzIfJfOlUxTxSsQF7U9obc/edit?tab=t.0,204,MB,,Multiple sections of data are included on this page. This item is contained to the section that matched the Datset/Tool name. ,,Metadata_DOC-Census_AGID_njy_20260122_v1.docx,"Administration for Community Living - Aging, Independence, and Disability (AGID) Data Portal",,"Extraction Data from:  DOC - Census - Aging, Independence and Disability (AGID) Datasets","Demographics, Economy, Health, Society","Demographic, Health, Healthcare Services",Social Sciences,https://agid.acl.gov/data-explorer,12/12/2025,,"This dataset is provided by the Department of Commerce, US Census Bureau (DOC - Census).  All files are “*.csv” (comma-separated values) files, and represent population numbers or percentages of people in the specific categories.
From the website landing page (https://agid.acl.gov/):  “The AGID Data Portal is a website containing data files, survey results, and population characteristics from various sources.
Before you begin using AGID, we suggest taking a look at our Resources section. This section has information on what AGID is, explains where the information comes from, and answers questions people frequently ask. If you have used AGID in the past, we recommend you review these resources as the Portal has changed.

If you need more help, please click on the ""About AGID"" link for assistance. You`ll find this link at the bottom on every AGID page.
AGID (AGing, Independence, and Disability) is a website that provides access to data, maps, and statistical reports related to aging and disability programs.It consists of data files, surveys, and population data from the U.S. Census Bureau. This lets you easily view,query, and download different data collected across programs.” - copied 1/22/2026

Files for two geographies (“All States” and “All U.S. Totals”) for all three categories were downloaded.  Zip files included are of each category and primary data element.  Within the zip files, each .csv file is named with the geographic scope as the start of the filename.  These are three categories:
State Performance Reports (SPR) (Title III)
American Indian, Alaskan Native and Native Hawaiian PPR (Title VI) - for this category there is only one zip file
National Ombudsman Reporting System (NORS) (Title VII)
For item (2), Title VI, the “All Tribal Organizations” geography was also downloaded, signified by the prefix “Tribes” to the filenames.  

Here are the number of files in each zip file, and the Major Data Elements included:
Title_III_COA.zip: 8 files (Caregivers of Older Adults)
Title_III_COAC.zip: 8 files (Caregivers of Older Adults Characterist.)
Title_III_LAPP.zip: 2 files (Legal Assistance Abuse Prevention)
Title_III_OAC.zip: 70 files (Older Adults Characteristics)
Title_III_OACA.zip: 120 files (Older Adults Characteristics by ADL)
Title_III_OACI.zip: 124 files (Older Adults Characteristics by IADL)
Title_III_OACP.zip: 50 files (Older Adults Characteristics by Poverty)
Title_III_ORC.zip: 8 files (Older Relative Caregivers)
Title_III_ORCC.zip: 6 files (Older Relative Caregivers Characteristics)
Title_VII_AOC.zip: 8 files (Action on Complaints)
Title_VII_C.zip: 40 files (Complaints)
Title_VII_CNN.zip: 6 files (Complainants)
Title_VII_PA_FE_OS_SV_T.zip: 8 files (Program Activities, Funds Expended, Organizational Structure, Staff and Volunteers, Total Counts)
Title_VI_PPR_all.zip: 9 files
agid_Data_Elements.zip: 1 files

The “agid_Data_Elements.zip” has the Data Elements csv file, and is a guide to the acronyms used in the zip files and the filenames.  

The scripts used to download the data are included in a zip file, and can also be found here: https://github.com/Public-Environmental-Data-Partners/scripts/tree/main/oneTimeHacks/Census/AGID.",No,"Yes - data catalogue named “agid_data_elements.csv” details the data elements and categories, with the abbreviations used in the title of the files.","Data were downloaded over a period of weeks, starting on 12/12/2025 to 1/22/2026","Department of Commerce, US Census Bureau (DOC - Census)",https://doi.org/10.7910/DVN/MTY8DO,"naomi yoder, Environmental Data and Governance Initiative / Public Environmental Data Partners, naomi.yoder@envirodatagov.org (RocketChat handle @naomi, GitHub username @naomi-yoder)",1/22/2026,2015/01/01 - 2024/12/31,No,,,,"From the website:  https://acl.gov/privacy (copied 1/22/2026)
“ Privacy Policy
Thank you for visiting our website and for reviewing our Privacy Policy. Our policy is clear:
We collect no personally identifiable information (PII) about you unless you choose to provide that information to us.
Any PII you choose to provide is fully protected.
Non-PII information related to your visit to our websites may be automatically collected and temporarily stored.
(NOTE: For more information on your health information privacy and security rights or the HIPAA Privacy and Security Rules, please visit www.hhs.gov/ocr/privacy/index.html.)

Information Automatically Collected and Stored
When you browse through any website, certain personal information about you can be collected. We automatically collect and temporarily store the following information about your visit:
the name of the domain you use to access the Internet (for example, aol.com, if you are using an American Online account, or stanford.edu, if you are connecting from Stanford University’s domain);
the date and time of your visit;
the pages you visited; and
the address of the website you came from when you came to visit.
We use this information for statistical purposes and to help us make our site more useful to visitors. Unless it is specifically stated otherwise, no additional information will be collected about you.

Personally Provided Information
You do not have to give us personal information to visit our websites.
If you choose to provide us with additional information about yourself through an e-mail message, form, survey, etc., we will only maintain the information as long as needed to respond to your question or to fulfill the stated purpose of the communication.
However, all communications addressed to the ACL Secretary or the ACL Webmaster are maintained, as required by law, for historical purposes. These communications are archived on a monthly basis, but are also protected by the Privacy Act which restricts our use of them, yet permits certain disclosures.

Comments and Public Submissions
Comments may be submitted through this website, or by any method identified. Any comment you provide through this website should be submitted in accordance with the directions in the pertinent document. You should be aware that requirements for submitting comments may vary by activity. For purposes of submitting comments, some activities may require that you include personal information, such as your name and email address, on the comment form. ACL manages its own data within the site, according to agency-specific comment review and posting policy. Comments may be publicly disclosed in a docket or on the internet (via Regulations.gov, a federal agency website, or a third-party, non-government website with access to publicly-disclosed data on Regulations.gov).
Do not submit information whose disclosure is restricted by statute, such as trade secrets and commercial or financial information (hereinafter referred to as Confidential Business Information “CBI”). Comments received through the website cannot be claimed as CBI will waive any CBI claims for the information submitted. To view any additional information or instructions for submissions, refer to the specific notice or activity on which you are commenting.

Intended Use of Information
Federal agencies consider public comments during the development of proposed or final rules, as well as comments solicited for opinions on a program initiative, scientific study, respective agency guidance document, or proposed standard. By providing comments through this website, you are consenting to their use and consideration by federal departments and agencies. Agencies may provide additional instructions informing you how to grant consent for use of voluntarily-provided information.
Electronic comments you submit directly through this website will be maintained in two different locations depending on the agency. Comments will be stored electronically within the ACL system, and ACL is considered the official custodian of the comment. Your comment will not be considered until it has been properly received in accordance with the requirements described in the notice. Users who want to verify that the agency has received their comment should check directly with ACL. ACL manages its own data within the site, according to agency-specific comment review and posting policy.
The material you submit to a federal department or agency may be seen by various people. Any personal information included in the comment form or in an attachment will be provided to the agency or office to which your comment is directed and may be publicly disclosed in a docket or on the internet (via Regulations.gov, a federal agency website, or a third-party, non-government website with access to publicly-disclosed data on Regulations.gov).

Third-Party Applications
There may be third-party applications and/or services embedded on this site to improve its functionality. Our integration of these products is intended to provide a seamless user experience. Where applicable, privacy policies particular to these applications are provided.

Disclosure
ACL does not disclose, give, sell or transfer any personal information about our visitors, unless required for law enforcement or statute.

Intrusion Detection
This site is maintained by the U.S. Government. It is protected by various provisions of Title 18, U.S. Code. Violations of Title 18 are subject to criminal prosecution in federal court.
For site security purposes and to ensure that this service remains available to all users, we employ software programs to monitor traffic to identify unauthorized attempts to upload or change information, or otherwise cause damage. In the event of authorized law enforcement investigations, and pursuant to any required legal process, information from these sources may be used to help identify an individual.

Systems of Records
Information originally collected in traditional paper systems can be submitted electronically, i.e., electronic commerce transactions and information updates about eligibility benefits. Electronically submitted information is maintained and destroyed pursuant to the Federal Records Act, and in some cases may be subject to the Privacy Act. If information that you submit is to be used in a Privacy Act system of records, there will be a Privacy Act Notice provided.
Last modified on 10/09/2018 “","From the website: https://acl.gov/disclaimer (accessed 1/22/2026)
“ Disclaimers and Comment Policy
Information Disclaimer
The information provided using this website is only intended to be general summary information for the public. It is not intended to take the place of either the written law or regulations.

Guest Contributions on the ACL Website
The ACL website includes contributions from leaders and advocates in the aging and disability communities. We believe their unique perspectives and insights can help spark discussions, further the exchange of ideas and best practices, and ultimately help further our goal of ensuring that people with disabilities and older adults are able to live, work, and play in the communities they choose.
The views and opinions expressed in these guest contributions reflect solely those of the authors. They do not necessarily reflect the official policy or position of the Administration for Community Living or the U.S. Department of Health and Human Services.

Links to Other Sites
Our website has links to many other federal agencies, and in a few cases we link to private organizations. You are subject to the privacy policies of other sites when you leave ACL.gov.
Reference in this website to any specific commercial products, process, service, manufacturer, or company does not constitute its endorsement or recommendation by the U.S. Government or ACL. ACL is not responsible for the contents of any “off-site” webpage referenced from this server.

Pop-Up Advertisements
When you are visiting our website, your web browser may produce pop-up advertisements. These advertisements were most likely produced by other websites you visited or by third-party software installed on your computer. The Administration for Community Living does not endorse or recommend products or services for which you may view a pop-up advertisement on your computer screen while visiting our site.

Intrusion Detection
This site is maintained by the U.S. Government. It is protected by various provisions of Title 18, U.S. Code. Violations of Title 18 are subject to criminal prosecution in federal courts.
For site security purposes and to ensure that this service remains available to all users, we employ software programs to monitor traffic to identify unauthorized attempts to upload or change information, or otherwise cause damage. In the event of authorized law enforcement investigations, and pursuant to any required legal process, information from these sources may be used to help identify an individual.
Last modified on 07/14/2025 “",,missing,V1 - 1/22/2026
CSB,All US CSB reports and recomendations - Current Investigations,CSB,Chemical Safety and Hazard Investigation Board,,https://www.csb.gov/investigations/current-investigations/,EDGI,NJY / naomi.yoder@envirodatagov.org,4/24/2026,All Archiving Done,"Needs scripting, Needs expertise",Yes,https://doi.org/10.7910/DVN/BTYOI1,pdf,https://docs.google.com/document/d/11Cne_Ea7kSS82H2UO_-DkXqAtP-KANciqCdGhJ09az0/edit?usp=drive_link,102,MB,,The reports reflects the investigations of major chemical disasters at fixed industrial facilities and recomendations for prevention.  There are about 100 reports.  The Trump Administration unsuccessfully tried to zero out the CSB's budget about three times during his last term. Many of the reports address multiple worker and/or public factalities.  Neither OSHA or EPA do similar investigations to identify the causes of such preventable disasters.,,Metadata_CSB_CurrentInvestigations_njy_20251119_v2.docx,Current Investigations,,"Extracted Data from: Chemical Safety and Hazardous Investigations Board (CSB), Current Investigations","Disaster, Environment, Fossil Fuels, Health, Petrochemicals, Pollution, Public Health, Society, Structure","Air Pollution, Anthropogenic Emissions, Climate Risk, Disaster, Disaster Research Response, Emergency, Emissions Scenario, Environment, Environmental Health, Exposure, Exposure Pathway, Fossil Fuels, Health, Health Effects Research, Health Hazard, Incidence, Loss and Damage, Mortality, Physical Injury, Policy, Public Health, Regulation, Risk, Toxin",Other (Chemical Disaster Evaluation),https://www.csb.gov/investigations/current-investigations/,10/29/2025,,"“[The CSB is an independent federal agency charged with investigating chemical incidents to determine the cause or probable cause. Headquartered in Washington, DC, the Agency's board members are appointed by the President and confirmed by the Senate.
The CSB's public safety mission is to ""drive chemical safety excellence through independent investigations to protect communities, workers, and the environment.""
The CSB's vision is ""a nation free from chemical disasters.""]” - Quote from https://www.csb.gov/about-the-csb/mission/ , accessed on 2025-11-18.
The Current Investigations section of the CSB website shows linked pages for incidents where the investigation is not “complete”; that is, an incident where a Final Report has not been issued yet, or the case has not been closed by the Board.
Upon download, there were eight (8) open investigations.  For each investigation, a PDF of the CSB landing page (with url links) is included in the archive.  There is no README for the archive.  The files are arranged as zip files with the date (YYYYMMDD) at the beginning of the zip folder name.
There are also a couple of files included that pertain to several investigations included for this upload.",No,No,"Another archive contains all of the Past Investigations data, plus Recommendations.",Chemical Safety and Hazard Investigation Board (CSB),https://doi.org/10.7910/DVN/BTYOI1,"naomi yoder, Environmental Data and Governance Initiative / Public Environmental Data Partners, naomi.yoder@envirodatagov.org (RocketChat handle @naomi, GitHub username @naomi-yoder)",11/19/2025,2023-07-14 through 2025-08-11,No,,,,"Quoted from https://www.csb.gov/investigations/data-quality-/ , accessed 11/19/2025:

CHEMICAL SAFETY AND HAZARD INVESTIGATION BOARD
Final Guidelines for Ensuring and Maximizing the Quality, Objectivity, Utility, and Integrity of Disseminated Information
SUMMARY:
The Chemical Safety and Hazard Investigation Board (CSB) implements these Guidelines pursuant to Section 515 of the Treasury and General Government Appropriations Act for Fiscal Year 2001, Pub. L. No. 106-554, and government-wide Guidelines issued by the Office of Management and Budget (OMB), OMB Guidelines for Ensuring and Maximizing the Quality, Objectivity, Utility, and Integrity of Information Disseminated by Federal Agencies, 67 Fed. Reg. 8452 (Feb. 22, 2002) (OMB Guidelines).
 
The purpose of the OMB guidelines is to ensure and maximize the quality, objectivity, utility, and integrity of information, including statistical information, disseminated by Federal agencies that are subject to the Paperwork Reduction Act, 44 U.S.C. Section 3502(1). As is the intent of OMB’s Guidelines, CSB’s Guidelines focus primarily on the dissemination of substantive information rather than information pertaining to basic agency operations. The Guidelines also apply to information other parties provide to the CSB, if the other parties seek to have the CSB rely upon or disseminate this information or if the CSB decides to rely upon or disseminate the information.
 
Through these guidelines, the CSB establishes as its performance standard a goal of disseminating information consistent with the OMB and CSB guidelines. The CSB’s pre-dissemination review described in section IV applies to information that the CSB first disseminates on or after October 1, 2002. The administrative mechanism for correcting information that the CSB disseminates applies to information the CSB disseminates on or after October 1, 2002, regardless of when the CSB first disseminated the information.
 
These Guidelines are suggestions, recommendations, and policy views of the CSB. They are not intended to be, and should not be construed as, legally binding regulations or mandates. They do not create any right or benefit, substantive or procedural, enforceable at law or equity, by any party against the United States, its agencies (including the CSB), officers, or employees, or any person.","Quoted from https://www.csb.gov/privacy-policy/ , accessed 11/19/2025:

The U.S. Chemical Safety and Hazard Investigation Board (CSB) provides this website as a public service. It contains public information that may be distributed or copied unless otherwise specified.",,102 MB,"V.1
V2 - added Data User Support and Size categories"
CSB,All US CSB reports and recomendations - Past Investigations,CSB,Chemical Safety and Hazard Investigation Board,,https://www.csb.gov/investigations/; https://www.csb.gov/investigations/completed-investigations/ ; https://www.csb.gov/recommendations/,EDGI,NJY / naomi.yoder@envirodatagov.org,4/24/2026,All Archiving Done,Needs scripting,Yes,https://doi.org/10.7910/DVN/PSIW70,pdf,https://docs.google.com/document/d/1GxyKECVOOGFdJH9db6kdflMWwWJRMBasihBAghuf8lY/edit?tab=t.0,2.1,GB,,The reports reflects the investigations of major chemical disasters at fixed industrial facilities and recomendations for prevention.  There are about 1000 files; theyve been zipped into files by incident. The Trump Administration unsuccessfully tried to zero out the CSB's budget about three times during his last term. Many of the reports address multiple worker and/or public factalities.  Neither OSHA or EPA do similar investigations to identify the causes of such preventable disasters.,,Metadata_CSB_PastInvestigationsRecommends_njy_20251119_v2.docx,Past Investigations; Recommendations,CSB Past Investigations and Recommendations,Extracted Data from: Chemical Safety and Hazardous Investigations Board (CSB) - Past Investigations and Recommendations,"Disaster, Environment, Fossil Fuels, Health, Petrochemicals, Pollution, Public Health, Society, Structure","Air Pollution, Anthropogenic Emissions, Climate Risk, Disaster, Disaster Research Response, Emergency, Emissions Scenario, Environment, Environmental Health, Exposure, Exposure Pathway, Fossil Fuels, Health, Health Effects Research, Health Hazard, Incidence, Loss and Damage, Mortality, Physical Injury, Policy, Public Health, Regulation, Risk, Toxin",Other (Chemical Disaster Evaluation),https://www.csb.gov/investigations/completed-investigations/ ; https://www.csb.gov/recommendations/,2025-11-12 to 2025-11-14,,"File structure is listed below this quote.  “The CSB is an independent nonregulatory federal agency created by Congress charged with investigating the facts, conditions, and circumstances and the cause or probable cause of any accidental chemical release that results in a fatality, serious injury or substantial property damage. The CSB’s board members are appointed by the President and confirmed by the Senate.
Pursuant to its public safety mission, the CSB conducts root cause investigations of chemical accidents . Root causes are usually deficiencies in safety management systems, but can be any factor that would have prevented the accident if that factor had not occurred. Other accident causes can involve equipment failures, human errors, unforeseen chemical reactions or other hazards. The CSB does not issue fines or citations, but makes safety recommendations to companies, industry associations, standards-setting organizations, labor groups, regulatory agencies and others for preventing releases in the future and minimizing their consequences if they occur.  Congress designed the CSB to be nonregulatory and completely independent of other agencies so that its investigations can enhance public safety, protect  communities, workers, and the environment, and inform industry, regardless of whether the chemical release violates an existing law or regulation.  The CSB is the only federal agency with this statutory mandate.
The CSB investigative staff includes chemical and mechanical engineers, industrial safety experts, and other specialists with experience in the private and public sectors. Many investigators have years of chemical industry experience.
After a CSB team deploys to a chemical incident site, investigators begin their work by conducting detailed interviews of witnesses and obtaining documentary materials. Chemical samples and equipment obtained from accident sites are sent to independent laboratories for testing. Company safety records, inventories, and operating procedures are examined as investigators seek an understanding of the circumstances of the accident.
During the course of an investigation, investigators examine evidence, consult with Board members, and review operations and industry practices before drafting key findings and conclusions, root causes, and recommendations. During the process, investigators may confer with plant managers, workers, labor groups, government authorities, and other parties. When a draft report is completed, it is submitted to the Board for review and consideration. Final reports may be adopted through a written vote of the Board or in a formal public meeting.
Since the CSB began operations in 1998, the agency has deployed to roughly 180 incidents involving more than 200 fatalities, over 1,300 injuries, and many billions of dollars in damage to property and the environment.  As a result of the agency’s investigations, the CSB has issued more than 1000 recommendations that address the safety issues identified in those investigations and have resulted in safer industry practices that better protect communities, workers, and the environment and safeguard our nation’s critical chemical and petrochemical infrastructure.
In July 2022, as part of the CSB’s new commitment to transparency and information sharing, we began making data from the agency’s Accidental Release Reporting Rule (ARRR) publicly available on the CSB’s website. As of April  17, 2025, the data submitted to the CSB since the ARRR went into effect in 2020 covers reports of 495 chemical incidents involving fatalities at 76 facilities, serious injuries at 268 facilities, and substantial property damage at 232 facilities nationwide. Reportable incidents have occurred in 43 states and the U.S. Virgin Islands. 
Volume One of the Incident Reports was released on January 2025 and covers 26 accidental release events in 15 states: California, Colorado, Georgia, Illinois, Iowa, Kentucky, Louisiana, Massachusetts, Minnesota, New Mexico, North Carolina, North Dakota, South Carolina, Tennessee, and Texas. Together, the events resulted in 5 fatalities, 17 serious injuries, and nearly $700 million in property damage. Volume One of the reports is available on the CSB’s website at:
https://www.csb.gov/assets/1/6/csb_incident_reports_volume_one_2025-01-14.pdf.
Volume Two of the Incident Reports was released in March 2025 and covers 25 accidental release events in 14 states: Arkansas, Alabama, California, Colorado, Connecticut, Illinois, Louisiana, Mississippi, Nebraska, Nevada, New Mexico, Ohio, Oklahoma, and Texas.  These serious incidents resulted in 7 fatalities, 23 serious injuries, and approximately $1 billion in property damage.  Volume Two of the Incident Reports is available on the CSB’s website at: https://www.csb.gov/assets/1/6/Incident_Reports_Volume_2_2025-03-12.pdf.
Combined, the two volumes cover 51 serious chemical incidents in 22 states, involving 12 fatalities, 40 serious injuries, and over $1.7 billion in property damage.
Recommendations are the CSB's principal tool for achieving positive safety change. Implementation of each safety recommendation is tracked and monitored by CSB staff. When recommended actions have been completed satisfactorily, the recommendation may be closed by a Board vote.
While some recommendations may be adopted immediately, others require extensive effort and advocacy to achieve implementation. Board members and staff work to promote safety actions based on CSB recommendations. In many cases, the lessons from CSB investigations are applicable to many organizations beyond the company investigated. Many CSB recommendations have been implemented in industry, leading to safer facilities, workers, and communities.”
Quoted from https://www.csb.gov/about-the-csb/ , accessed 11/19/2025.
The files are organized by their Record ID (or “Case ID” that is sometimes referenced on the CSB website).  The CSB Past Investigations was scraped and catalogued (csb_past_investigations.csv in this archive) showing the ID, the title of the incident, the date the incident occurred and the date the specific file was downloaded.  All of the files in that csv were downloaded, and for each Past Investigation, the landing page was also downloaded as a “Print-to-PDF” function from the landing page.  All of the downloaded files were given a modified filename, where the Record ID precedes the filename, in this format:  [RECORDID]_[Original Filename].pdf for a pdf.  For files where there is no Record ID, the “date_incident” from the csb_past_investigations.csv was used (formatted MMDDYYY), in place of the Record ID, in the previous example.   Then each of the incidents (grouped by Record ID) was zipped together.  The zip archives are named with the Record ID and the company name or abbreviation.  There is an index of the Record ID numbers and the number of files present in each zip archive, in csb_past_zip_investigations_inventory.csv .   The landing pages only are also zipped into another file, csb_past_investigations_landing_pages.zip.

The same process was used for Recommendations, except there is no landing page for those.  The index of the scraped Recommendations is in csb_recommendations.csv .  The catalogue of zip files contents and naming conventions is in csb_past_zip_recommendations_inventory.csv .  

The code (scripts in Python) for scraping, downloading and zipping are in the csb_past_zip_[TYPE]_logs_code.zip.  These also include summary and detail logs of the downloads. 
 
For code used in scraping, downloading and zipping, see:  https://github.com/Public-Environmental-Data-Partners/scripts/tree/main/oneTimeHacks/CSB",No,No,,Chemical Safety and Hazardous Investigations Board (CSB),https://doi.org/10.7910/DVN/PSIW70,"naomi yoder, Environmental Data and Governance Initiative / Public Environmental Data Partners, naomi.yoder@envirodatagov.org (RocketChat handle @naomi, GitHub username @naomi-yoder)",11/20/2025,1998 - 2024,No,,,,"Quoted from https://www.csb.gov/investigations/data-quality-/ , accessed 11/19/2025:

CHEMICAL SAFETY AND HAZARD INVESTIGATION BOARD
Final Guidelines for Ensuring and Maximizing the Quality, Objectivity, Utility, and Integrity of Disseminated Information
SUMMARY:
The Chemical Safety and Hazard Investigation Board (CSB) implements these Guidelines pursuant to Section 515 of the Treasury and General Government Appropriations Act for Fiscal Year 2001, Pub. L. No. 106-554, and government-wide Guidelines issued by the Office of Management and Budget (OMB), OMB Guidelines for Ensuring and Maximizing the Quality, Objectivity, Utility, and Integrity of Information Disseminated by Federal Agencies, 67 Fed. Reg. 8452 (Feb. 22, 2002) (OMB Guidelines).
 
The purpose of the OMB guidelines is to ensure and maximize the quality, objectivity, utility, and integrity of information, including statistical information, disseminated by Federal agencies that are subject to the Paperwork Reduction Act, 44 U.S.C. Section 3502(1). As is the intent of OMB’s Guidelines, CSB’s Guidelines focus primarily on the dissemination of substantive information rather than information pertaining to basic agency operations. The Guidelines also apply to information other parties provide to the CSB, if the other parties seek to have the CSB rely upon or disseminate this information or if the CSB decides to rely upon or disseminate the information.
 
Through these guidelines, the CSB establishes as its performance standard a goal of disseminating information consistent with the OMB and CSB guidelines. The CSB’s pre-dissemination review described in section IV applies to information that the CSB first disseminates on or after October 1, 2002. The administrative mechanism for correcting information that the CSB disseminates applies to information the CSB disseminates on or after October 1, 2002, regardless of when the CSB first disseminated the information.
 
These Guidelines are suggestions, recommendations, and policy views of the CSB. They are not intended to be, and should not be construed as, legally binding regulations or mandates. They do not create any right or benefit, substantive or procedural, enforceable at law or equity, by any party against the United States, its agencies (including the CSB), officers, or employees, or any person.","Quoted from https://www.csb.gov/privacy-policy/ , accessed 11/19/2025:

The U.S. Chemical Safety and Hazard Investigation Board (CSB) provides this website as a public service. It contains public information that may be distributed or copied unless otherwise specified.",,2.1 GB,"V.1
V2 - added fields 22 and 23"
Census,American Communities Survey,DOC - Census,Department of Commerce,US Census Bureau,https://www.census.gov/programs-surveys/acs/; https://api.census.gov/data; https://www2.census.gov/ (ftp),ESRI,ESRI; NJY / naomi.yoder@envirodatagov.org,6/24/2026,All Archiving Done,,Yes,https://drive.google.com/drive/folders/1AXZTj7C6L2oAKudwpCWIMmTvN5IvGJJ4?usp=drive_link ; SciOp; also partial is here :https://hub.arcgis.com/datasets/esri::acs-population-variables-boundaries/explore?layer=2&location=36.320574%2C60.081175%2C3.14; https://livingatlas.arcgis.com/en/browse/?q=ACS%20by%20@esri_demographics#d=2&q=ACS+by+%40esri_demographics&type=layers,,https://docs.google.com/document/d/1g2tO9rmAh7r3aPqlTBSKMrzn80Op3FmvQjuMdCcfH24/edit?tab=t.0,488,GB,,"12-3-25 - i updated the row to ""in progress"" since the data available on AGOL are only to the Tract level.  It would be nice to have the data from many years and also to the Block Group.  - NJY   data available via ftp at ftp2.census.gov along with other census data. Note, raw data only, not search and report interface.",,metadata_DOC-Census_ACS_zips_njy_20260422_v1.docx,US Census American Community Survey (ACS),,"Extracted Data From:  DOC-Census (Department of Commerce, Census Bureau) American Community Survey (ACS) - Zipped Files","Demographics, Society",Demographic,Social Sciences,https://www.census.gov/programs-surveys/acs/ ; https://api.census.gov/data (api); https://www2.census.gov/ (ftp),1/25/2026,,"“The American Community Survey (ACS) is the premier source of detailed information about the nation's people and housing. As an ongoing survey conducted by the U.S. Census Bureau since 2005, the ACS collects detailed social, economic, housing, and demographic information from a sample of households across the 50 states, the District of Columbia, and Puerto Rico.
The ACS provides up-to-date information annually, which helps local officials, community leaders, and businesses make informed decisions.
Covering more than 40 topics—including education, employment, income, housing, and transportation—the ACS provides crucial insights into the changing needs and conditions of communities. Its data are used for countless reasons, such as to plan roads, schools, and emergency services, and to guide the distribution of government funding.” - Quoted from https://www.census.gov/programs-surveys/acs/, accessed 3/31/2026.
This archive was downloaded via script, using both the Census API, and the Census FTP site.  The scripts are contained in the zip file named “census_catalog_download_scripts_njy.zip” and are also found on GitHub at https://github.com/Public-Environmental-Data-Partners/scripts/tree/main/DataArchiveProjects/Census/Full .  
The full, unzipped archive (of both API and FTP sources) contains:
488 GB
279,371 files
The files have been organized into Source>year/Topic .  Each zip file API and FTP have subdirectories that are also zipped; those zipped files are detailed below.  
—-----------------------------------------------------------------------------------
API
The zip files within ACS_from_API are as follows (and this list is also included in the ACS_API_zips_list.txt file):
2005.zip: 1209 files
2006.zip: 1268 files
2007.zip: 2750 files
2008.zip: 2662 files
2009.zip: 3407 files
2010.zip: 3187 files
2011.zip: 4124 files
2012.zip: 4217 files
2013.zip: 3999 files
2014.zip: 2579 files
2015.zip: 2917 files
2016.zip: 2608 files
2017.zip: 2750 files
2018.zip: 2779 files
2019.zip: 2760 files
2020.zip: 1244 files
2021.zip: 2906 files
2022.zip: 2872 files
2023.zip: 2892 files
2024.zip: 1606 files

Total: 54,736 files across 20 archives
—-----------------------------------------------------------------------------------
FTP
The zip files within ACS_from_FTP are as follows (and this list is also included in the ACS_FTP_zips_list.txt file):
acs.zip: 32674 files
acs2002.zip: 4797 files
acs2003.zip: 1488 files
acs2004.zip: 1366 files
acs2005.zip: 7544 files
acs2005_2007_3yr.zip: 8548 files
acs2005_2009_5yr.zip: 493 files
acs2006.zip: 7864 files
acs2006_2008_3yr.zip: 8814 files
acs2007_1yr.zip: 8555 files
acs2007_2009_3yr.zip: 8861 files
acs2007_3yr.zip: 8548 files
acs2008_1yr.zip: 8799 files
acs2008_3yr.zip: 8814 files
acs2009_1yr.zip: 9765 files
acs2009_3yr.zip: 8861 files
acs2009_5yr.zip: 493 files
acs2010_1yr.zip: 9872 files
acs2010_3yr.zip: 9872 files
acs2010_5yr.zip: 387 files
acs2010_SPT_AIAN.zip: 222 files
acs2011_1yr.zip: 9820 files
acs2011_3yr.zip: 9766 files
acs2011_5yr.zip: 387 files
acs2012_1yr.zip: 9819 files
acs2012_3yr.zip: 9766 files
acs2012_5yr.zip: 174 files
acs2013_1yr.zip: 18533 files
acs2013_3yr.zip: 9364 files
acs2013_5yr.zip: 357 files
acs_special_tabs.zip: 1 files

Total: 224624 files across 31 archives",No,No,"Downloads were made each over a period of time:  
API 1/25/2026 - 2/1/2026; 
FTP 2/6/2026 - 2/16/2026","Department of Commerce, US Census Bureau (DOC - Census)","https://drive.google.com/drive/folders/1AXZTj7C6L2oAKudwpCWIMmTvN5IvGJJ4?usp=drive_link (not DOI but a storage location in perpetuity - files are listed in this )
https://sciop.net/datasets/doc-census-american-community-survey-acs (partial)","naomi yoder, Environmental Data and Governance Initiative / Public Environmental Data Partners, naomi.yoder@envirodatagov.org (RocketChat handle @naomi)",4/22/2026,2002-01-01 to 2025-12-31,No,,,,"“Our mission is to serve as the nation's leading provider of quality data about its people and economy. We couldn’t produce this information without you.
We call our approach to maintaining your trust “Data Stewardship.”
Being responsible stewards of your data is not only required by law, it’s embedded in our culture.
Our Data Stewardship program includes ongoing training, accountability and the lifetime oath each of us swears to keep your information confidential. Our Data Stewardship Executive Policy Committee oversees these activities, setting the rules and policies all staff must follow.
The Law Protects Your Information
By law, your information is confidential. Your answers cannot be used against you by any government agency or court. The law is found in Title 13 of the U.S. Code. Anyone who violates this law faces severe penalties.
Our Privacy Principles Guide Our Work
Our privacy principles guide our actions so that we respect your privacy and protect your confidentiality. The principles are--necessity, openness, respect and confidentiality. See how these principles drive decisions throughout the survey lifecycle.
We Use Cutting-Edge Safeguards to Protect Your Identity
We do not identify individuals in the data we publish. We only publish statistics. Our policies and statistical safeguards help us ensure the confidentiality of your information. Our Disclosure Review Board verifies that any data product we release meets our confidentiality standards.
Secure Technology
Our IT systems are designed to defend against and contain cyberthreats. From the beginning of the data collection process through the final storage of information, we protect your data following industry best practices and federal requirements. We use data encryption and two forms of authentication to secure system access. The security of our systems is a top priority, and we continually refine our approach to address emerging threats and position ourselves to identify, prevent, detect, respond to and recover from possible cyberthreats.” - Quoted from https://www.census.gov/about/policies/privacy/data_stewardship.html, accessed 03/31/2026",,,missing,V.1 - 2026-04-22
EPA,Analyses to support EPA's National Primary Drinking Water Rulemaking for PFAS,EPA,Environmental Protection Agency,Science Advisory Board - PFAS,https://sab.epa.gov/ords/sab/f?p=100:18:16490947993:::18:P18_ID:2601,EDGI,NJY / naomi.yoder@envirodatagov.org,5/15/2026,All Archiving Done,,Yes,https://doi.org/10.5281/zenodo.20217736,PDFs,https://docs.google.com/document/d/1rofE2IxnMYqewkLvqJvYoJ70Z1byEW8JoqdbMw6eVtQ/edit?usp=drive_link,142,MB,,This was listed as the backup location but it's a Wayback Machine link:  https://web.archive.org/web/20250117221843/https://sab.epa.gov/ords/sab/f?p=100:18:16490947993:::18:P18_ID:2601 .  Data download ongoing as of 4/15/2026,,metadata_EPA_AnalysisPFAS_SAB_20260415_njy_v1.docx,Analyses to support EPA's National Primary Drinking Water Rulemaking for PFAS,,"Extracted Data From: EPA PFAS Analyses in Drinking Water, SAB","Environment, Inland Waters, Public Health, Utilities/Communication",,,https://sab.epa.gov/ords/sab/f?p=100:18:16490947993:::18:P18_ID:2601,4/15/2026,,"This dataset is an archive of a Science Advisory Board (SAB), convened by the EPA, under the Clean Air Scientific Advisory Committee.  The SAB looked at PFAS in drinking water.

Quoted from the original landing page (https://sab.epa.gov/ords/sab/f?p=100:18:16490947993:::18:P18_ID:2601, accessed 5/14/2026):
“EPA has made final determinations to regulate two contaminants, perfluorooctanesulfonic acid (PFOS) and perfluorooctanoic acid (PFOA). EPA is currently moving forward to implement the national primary drinking water regulation development process for per- and polyfluoroalkyl substances (PFAS). The Regulatory Determinations outline avenues that the agency is considering to further evaluate additional PFAS chemicals and provide flexibility for the agency to consider groups of PFAS as supported by the best available science. EPA's Office of Ground Water and Drinking Water (OGWDW) and Office of Science and Technology (OST) have developed draft documents to support EPA's National Primary Drinking Water Rulemaking for PFAS and have requested SAB review.
Responsible Committee/Panel
PFAS Review Panel (A list of members can be found in the final report included in the Advisory Activity linked to this panel or committee.)

EPA Designated Federal Officer (DFO)
Suhair Shallal
Email shallal.suhair@epa.gov
Phone 202-564-2057”",,,,EPA,https://doi.org/10.5281/zenodo.20217736,"naomi yoder, Environmental Data and Governance Initiative / Public Environmental Data Partners, naomi.yoder@envirodatagov.org (RocketChat handle @naomi)",5/15/2026,2021-01-01 to 2022-12-31,No,,,,"Quoted from:  https://www.epa.gov/privacy/privacy-and-security-notice (accessed 5/15/2026)
“Security
The U.S. Environmental Protection Agency (EPA) takes seriously our responsibility for information security and has taken steps to safeguard the integrity of its data and prevent unauthorized access to the information it maintains.
Security Monitoring
For site security purposes and to ensure that this service remains available to all users, EPA employs monitors and filters to identify and block unauthorized attempts to upload or change information, cause disruptions or interruptions of service, or otherwise cause damage to the information on our web pages. ""Bots"" or traffic with malicious intent or harmful impact on the website will be blocked. Unauthorized attempts to upload or change information on this site are strictly prohibited and may be punishable under the Computer Fraud and Abuse Act of 1986 and the National Information Infrastructure Protection Act. Except for these authorized law enforcement investigations, no other attempts are made to identify individual users or their usage habits
Vulnerability Disclosure Policy
To improve our ability to identify security issues that could lead to the compromise of sensitive data or the disruption of services, the EPA has implemented a vulnerability disclosure program which encourages cyber security researchers to report any vulnerabilities they have discovered so that the EPA can take appropriate actions to mitigate or fix those vulnerabilities in a timely manner. The EPA’s Vulnerability Disclosure Policy describes “good faith” expectations between the EPA and the researcher, what types of testing are authorized for which systems, how to report vulnerabilities, and what communication to expect once vulnerabilities are reported. For more information, review the EPA's Vulnerability Disclosure Policy.”",,,missing,V.1
CDC,Asthma Data,DHHS - CDC,Department of Health and Human Services,Centers for Disease Control and Prevention,https://www.cdc.gov/asthma-data/about/most-recent-asthma-data.html,Harvard/BU CAFE,AJ,4/23/2026,All Archiving Done,,Yes,https://dataverse.harvard.edu/dataset.xhtml?persistentId=doi:10.7910/DVN/U7WVNO,"XLSX, PDF",https://docs.google.com/document/d/1fAuH6cIRDdVcstC2ADdKJkGbez0P_SXt3g7o48aWTfQ/edit?tab=t.0,55.6,MB,4/1/2025,"Metadata not in final folder (NJY 8/11/26).  Tables of asthma data from a variety of sources. Source info, notes, and additional links can be found in the expanded tiles.",,metadata_DHHS-CDC_AsthmaData_AJ_20250324_v1.docx,Asthma Data,,Extracted Data From: CDC Asthma Data,Health,Asthma,"Medicine, Health and Life Sciences",https://www.cdc.gov/asthma-data/about/most-recent-asthma-data.html,3/21/2025,,"This submission includes publicly available data extracted in its original form. Please reference the Related Publication listed here for source and citation information
""These tables present the latest national and state statistics on the burden of asthma among children and adults, using data from CDC national and state surveillance systems.""
“ [Quote from https://www.cdc.gov/asthma-data/about/most-recent-asthma-data.html]
""Asthma surveillance data includes collection and analyses of asthma data at both the national and the state level. National data is available on asthma morbidity, emergency department visits, hospitalizations due to asthma, and asthma mortality.""
[Quote from https://www.cdc.gov/asthma-data/about/index.html]",Yes,Yes,,"DHHS - CDC, Department of Health and Human Services, Centers for Disease Control and Prevention",https://doi.org/10.7910/DVN/U7WVNO,"Jaycen, Amelia",3/24/2025,Start Date: 1960-01-01; End Date: 2020-12-31,No,,,,"The below is copied from the CDC Agency Materials page: ""Use of Agency Materials Most of the information on the CDC and ATSDR websites is not subject to copyright, is in the public domain, and may be freely used or reproduced without obtaining copyright permission. There are, however, a few exceptions. A federal government website may have a mix of public domain and copyright-protected materials. First, some resources, as well as images, on the CDC and ATSDR websites are restricted in their use because they were developed by government contractors or grantees, or have been licensed by a third party. Second, the U.S. government work designation does not apply to works of state and local governments; works of state and local governments may be protected by copyright. Third, copyright laws also differ internationally. While U.S. federal copyright laws may not protect U.S. government works outside the United States, the work may still be protected under the copyright laws of other countries when used in these jurisdictions. Copyright-protected materials featured on the CDC and ATSDR websites should include a copyright statement. However, if in doubt, please write to the contact point for that site. The following requirements must be followed to utilize CDC’s public domain content: 1) Attribution to the agency that developed the material must be provided in your use of the materials. Such attribution should clearly state the materials were developed by CDC ATSDR and/or HHS (e.g., “Source: CDC”; “Materials developed by CDC”); 2) You must utilize a disclaimer which clearly indicates that your use of the material, including any links to the materials on the CDC, ATSDR or HHS websites, does not imply endorsement by CDC, ATSDR, HHS or the United States Government of you, your company, product, facility, service or enterprise. All such disclaimers must be prominently and unambiguously displayed (e.g., “Reference to specific commercial products, manufacturers, companies, or trademarks does not constitute its endorsement or recommendation by the U.S. Government, Department of Health and Human Services, or Centers for Disease Control and Prevention; 3) You may not change the substantive content of the materials; and 4) You must state that the material is otherwise available on the agency website for no charge. Note: Many of CDC’s on-line publications are continually updated as the agency learns more about a specific disease or condition. Occasionally, sites that copy and re-post CDC materials fail to check for updates, which may result in out-of-date information being offered to users. For that reason, we urge you to link directly to our resource documents rather than re-posting. If you do re-post, please check back periodically to see if there are revisions. Linking to CDC, ATSDR or HHS content should open up a new browser window to our site/page. CDC content should not appear within the original window, framed by the existing site. CDC LOGO The CDC and/or ATSDR logo and other related CDC, ATSDR or Department of Health and Human Services (HHS) logos and marks are U.S. government property and may not be used without express written permission from CDC, ATSDR and/or HHS. These logos and marks are designed to signify official agency products, activities, representatives, and facilities. They should never be used to promote or suggest endorsement of non-CDC, ATSDR or HHS companies, activities, products, events, facilities or services. They should never be used by outside parties to misrepresent the purpose, character, statements or policies of the agencies. Please note: Any misrepresentation or misappropriation of the agency’s materials, positions or logo/marks in publications sold for profit will be referred to the HHS Office of the Inspector General (and possibly law enforcement and other entities) for investigation and possible enforcement and may be subject to civil money penalties under 42 U.S.C. Section 1320b-10. PHIL Image Reuse Terms and Conditions Most images found in the Public Health Image Library (PHIL) are royalty-free and available for personal, professional and educational use in electronic or print media, with appropriate citation. Please credit CDC and the individual photographer if his/her name is given. If used in electronic media, please link back to the PHIL site. Images other than those in the PHIL may have been licensed for use by CDC from a stock photography service or other copyright holder and the license holder may prohibit republication, retransmission, reproduction or other use of the images. Please contact us with any other questions about reuse of specific images.""",,,55.6 MB,v1
CDC,Biological effects of inhaled crude oil vapor. III. Pulmonary effects,DHHS - CDC - NIOSH,Department of Health and Human Services,Centers for Disease Control and Prevention - National Institute for Occupational Safety and Health,https://data.cdc.gov/National-Institute-for-Occupational-Safety-and-Hea/Biological-effects-of-inhaled-crude-oil-vapor-III-/aian-amjw/about_data,Harvard/BU CAFE,JP,8/20/2026,All Archiving Done,,Yes,https://dataverse.harvard.edu/dataset.xhtml?persistentId=doi:10.7910/DVN/0L9K3E,,https://docs.google.com/document/d/1xkXeRxTELt1n3Fxb-9DQwAXjFFZalET4Gp0X1igdvBU/edit?tab=t.0,1,MB,5/22/2025,Metadata not in final folder (NJY 8/11/26).  625 KB,,metadata_DHHS-CDC_BioEffectCrudeOil_JP_20250512_v1.docx,Biological effects of inhaled crude oil vapor. III. Pulmonary effects,,Extracted Data from: Biological effects of inhaled crude oil vapor. III. Pulmonary effects,Public Health,Exposure Assessment; Public Health,"Medicine, Health and Life Sciences",https://data.cdc.gov/National-Institute-for-Occupational-Safety-and-Hea/Biological-effects-of-inhaled-crude-oil-vapor-III-/aian-amjw/about_data,5/12/2025,,"This submission includes publicly available data extracted in its original form.

If you have questions about the underlying data stored here, please contact Tina M Sager (sst2@cdc.gov) or the Health Effects Laboratory Division, Pathology and Physiology Research Branch (sa-cin-webteam@cdc.gov). If you have questions or recommendations related to this metadata entry and extracted data, please contact the CAFE Data Management team at: climatecafe@bu.edu.”

Workers involved in oil exploration and production in the upstream petroleum industry are exposed to crude oil vapor (COV). COV levels in the proximity of workers during production tank gauging and opening of thief hatches can exceed regulatory standards, and several deaths have occurred after opening thief hatches. There is a paucity of information regarding the effects of COV inhalation in the lung. To address these knowledge gaps, the present hazard identification study was one of six undertaken to investigate the effects of inhaled COV in a rat animal model.
[Quote from: https://data.cdc.gov/National-Institute-for-Occupational-Safety-and-Hea/Biological-effects-of-inhaled-crude-oil-vapor-III-/aian-amjw/about_data] (2025-05-12)",No,Yes,"Related Publication: Sager TM, Joseph P, Umbright CM, Hubbs AF, Barger M, Kashon ML, Fedan JS, Roberts JR. Biological effects of inhaled crude oil vapor. III. Pulmonary inflammation, cytotoxicity, and gene expression profile. Inhal Toxicol. 2023 Jan-Dec;35(9-10):241-253. doi: 10.1080/08958378.2023.2224394. Epub 2023 Jun 18. PMID: 37330949; PMCID: PMC10658288. doi 10.1080/08958378.2023.2224394","DHHS - CDC - NIOSH Department of Health and Human Services, Centers for Disease Control and Prevention - National Institute for Occupational Safety and Health",https://doi.org/10.7910/DVN/0L9K3E,Joseph Palmo,5/12/2025,Start Date: 2024-11-20; End Date: 2024-11-20,No,,,,The uploaded files were downloaded from hhttps://data.cdc.gov/National-Institute-for-Occupational-Safety-and-Hea/Biological-effects-of-inhaled-crude-oil-vapor-III-/aian-amjw/about_data. The CDC Agency Materials Use is uploaded along with the data. The affiliated publication is also uploaded.,,,1 MB,v1
FEMA,Building Code Adoption Tracker,DHS - FEMA,Department of Homeland Security,Federal Emergency Management Agency,https://stantec.maps.arcgis.com/apps/MapSeries/index.html?appid=a053ac48343c4217ab4184bc8759c350,ESRI,ESRI; NJY / naomi.yoder@envirodatagov.org,6/30/2026,All Archiving Done,ArcGIS,Yes,https://zenodo.org/records/21048640 ,"Map tool, PDF",https://docs.google.com/document/d/1uJx0SuiO3uZ_mHETGXRPAKhkczzNLJx43NNRUUcIAMc/edit?usp=drive_link,406,MB,12/3/2025,"12-3-25 - NJY working on it.  StoryMap.  Identify which building codes an area has adopted by hazard risk, PDF fact sheets by region
This is on a contractor's server (Stantec) - Dan at ESRI.",,metadata_DHS-FEMA_BCAT_njy_20260629_v1.docx,FEMA [Federal Emergency Management Agency] Building Code Adoption Tracking,,Extracted Data from: FEMA Building Code Adoption Tracker (BCAT),"Climatology/Climate Change, Disaster, Structure",,,https://experience.arcgis.com/experience/a18f62279e1b448a9d980e42ddd98a0f ; https://stantec.maps.arcgis.com/apps/MapSeries/index.html?appid=a053ac48343c4217ab4184bc8759c350,12/3/2025,,"Quoted from https://www.fema.gov/emergency-managers/risk-management/building-science/bcat (accessed 06/29/2026) - 
“FEMA tracks the building code adoption status for state, local, tribal and territorial governments across the nation to evaluate several important aspects of a community’s natural hazard risks and building code adoption.
This effort is often referred to simply by its acronym, BCAT.”",No,No,,FEMA (Federal Emergency Management Agency),https://doi.org/10.5281/zenodo.21048640,"naomi yoder, Environmental Data and Governance Initiative / Public Environmental Data Partners, naomi.yoder@envirodatagov.org (RocketChat handle @naomi)",6/29/2026,3/31/2026,Yes,WGS 84,Geodatabase,"Multipolygon, 2 layers","Quoted from https://experience.arcgis.com/experience/a18f62279e1b448a9d980e42ddd98a0f/page/FEMA-BCAT-App?views=Combined-Hazard (accessed 6/30/2026):
“One-or-more hazard risk is a comprehensive hazard view that combines the individual hazards: flood, damaging wind, hurricane wind, tornado, or seismic. See BCAT Glossary  for more information on one-or-more hazards risk and resistance. 
 
Based upon best available data. Confirm with your state or local building code authority prior to reliance on the data.
 
*Wind and Tornado Contour Data Generously Provided by Applied Technology Council (ATC)”",,,missing,v.1
EPA,ChemView,EPA,Environmental Protection Agency,,https://chemview.epa.gov/chemview/,PEDP Volunteer,Anne Gunn and others,8/20/2026,All Archiving Done,"Needs expertise, Needs scripting",,https://sciop.net/datasets/epa-chemview,XLS,https://docs.google.com/document/d/1tzd8UcZir2GkxQRoOChxwB-Kl-vmVsFUcZDVA0pWXoQ/edit?usp=drive_link,379.5,GB,,"ChemView is the central repository for data on chemicals regulated by EPA under TSCA, FIFRA and RCRA. Was blocked on 2/14, but appears on 2/21. Available on 3/12.",,Metadata_EPA_ChemView_EAG_20260118_v2.docx,Chemview,Selected Data Subsets,ChemView,"Environment, Pollution, Public Health",,,https://chemview.epa.gov/chemview/,11/1/2025,NA,"""To improve chemical safety and provide more streamlined access to information on chemicals, EPA has built and is constantly expanding content in ChemView, which greatly improves access to health and safety data on chemicals regulated under the Frank R. Lautenberg Chemical Safety for the 21st Century Act which amends the Toxic Substances Control Act (TSCA). It contains information EPA receives and develops about chemicals.

ChemView is part of EPA's commitment to strengthen its chemicals management programs by improving access to and the usefulness of chemical information. The goal is for people to easily get information they need to make safe chemical choices and to help businesses, individuals and others make more informed decisions about the chemicals they use.
…
ChemView provides key information in a layered summary format and provides links to underlying studies or other source documents.""

Quote from https://www.epa.gov/assessing-and-managing-chemicals-under-tsca/introduction-chemview on 2026-02-07

Archived files include a large but  limited subset of the information available in ChemView, specifically:
TSCA §8(e) substantial risk notices
New Chemical Notices
Significant New Use Rules
Premanufacture Notice
TSCA §5 Orders

Data is organized by chemical id first, then by type.

Other keywords:  Environmental Hazards, Chemicals, Toxicity","NO.
However, the archive includes a tree.txt file which can be used as an index into the fileset.",NO,"Data files were captured over a 2 month period from approximately 2025-11-01 to 2025-12-31.

ChemView does not provide a direct export facility or API. The “export” button that is available for each type of notice/report produces a CSV file that includes a link to an HTML page containing some text and further links to source documents. Python webdriver code was originally written to follow the links in the CSV, capture each HTML page,  and download the ZIP, PDF, and XML files that page linked to. However, it soon became clear that many of the csv links in the export files were defective and did not lead to valid pages. Fixes were found for many of these problems but each report type presented its own obstacles. Over time, as the various types of data were processed, the code evolved to using a “synthesized URL” approach that worked much more consistently. 

All of the code written for this archive can be found in the gen1 folder of the GitHub repository: https://github.com/Public-Environmental-Data-Partners/chemview_archive
The code for New Chemical Notices (NCN) was written last. It’s highly recommended that the NCN code be used as a model for any future development/downloading efforts. 

There are also some gaps in the fileset: 
The EPA continued its work during the 2-month archiving project. So any files that were added to first downloaded data sets, such as the Section 5 Orders, after that data set was captured, will be missing from this file set.
Some linked-to files simply failed to download despite repeated retries. Presumably the URLs were defective.
Also, a very few files were not saved successfully due to Windows’ long path limitations.
However, the assessment of the archive team was that it was better to archive and make available the many files we could successfully download rather than to delay,  hoping for a more perfect set.",The Environmental Protection Agency [EPA],https://sciop.net/datasets/epa-chemview,"Anne Gunn, @tbeebe",1/18/2026,2000-01-01 to 2025-12-31,NO,,,,"“The U.S. Government retains a nonexclusive, royalty-free license to publish or reproduce these documents, or allow others to do so, for U.S. Government purposes. These documents may be freely distributed and used for non-commercial, scientific and educational purposes.”
- Quoted from: https://www.epa.gov/web-policies-and-procedures/epa-disclaimer","“With respect to documents available from the EPA website, neither the United States Government nor any of their employees, makes any warranty, express or implied, including the warranties of merchantability and fitness for a particular purpose, or assumes any legal liability or responsibility for the accuracy, completeness, or usefulness of any information, apparatus, product, or process disclosed, or represents that its use would not infringe privately owned rights.”
- Quoted from: https://www.epa.gov/web-policies-and-procedures/epa-disclaimer","During the compilation of this dataset, I consulted multiple times with an analyst at the Environmental Defence Fund and with a few PEDP collaborators to a) determine the highest priority data to archive, b) figure out a reasonable folder/file organization, and c) discuss the quality of the archive, specifically the small number of missing files. But any defects and the remaining missing files are due to the limitations of my own process.",379.5 GB,"Version 1
V2 - added size"
CEQ,"Climate and Economic Justice Screening Tool (CEJST) version 1 (2022), version 2 (2024) datasets and Justice40 CEJST Map of Tracts for version 1",CEQ,Council on Environmental Quality,,https://www.arcgis.com/home/item.html?id=ee9ddbc95520442482cd511f9170663a,Harvard/BU CAFE,NJY / naomi.yoder@envirodatagov.org,8/7/2026,All Archiving Done,,Yes,https://doi.org/10.5281/zenodo.21843287 (datasets and documentation); https://arcgis.com/home/item.html?id=f95344889cab44bd84207052f44cb940 (online map of V1),shapefile,https://docs.google.com/document/d/12mhUjO-XB-eI4neWECfbs4Or4gMoQCOvx0crafP9QSI/edit?usp=drive_link,838,MB,2/4/2025,,,metadata_CEQ_CEJSTJustice40_DM_NJY_20241205_v1.docx,"Climate and Economic Justice Screening Tool (CEJST) version 1 (2022), version 2 (2024) datasets and Justice40 CEJST Map of Tracts for version 1",,"Extracted Data from: CEQ CEJST, versions 1 and 2","Climatology/Climate Change, Demographics, Economy, Environment, Society",,,https://screeningtool.geoplatform.gov/en/downloads#3/33.47/-97.5,12/5/2024,,"Data archived were downloaded in 2026 (8/6/2026 - 8/7/2026) from the Public Environmental Data Partners archives of Council on Environmental Quality’s (CEQ’s) CEJST tool (v.1 - https://doi.org/10.7910/DVN/B6ULET), and from the replicated tool itself (v.2 - https://public-environmental-data-partners.github.io/j40-cejst-2/en/downloads#3/33.47/-97.5).  These datasets were originally archived in December 2024, and January 2025, and the v.1 data and codebook were preserved from [https://screeningtool.geoplatform.gov/en/downloads#3/33.47/-97.5 ].  Thus the “download date” of these is listed as 12/5/2024, even though some of these data were downloaded from their archived sites later.  

A map of version 1.0 (2022 Justice 40) is also available at https://arcgis.com/home/item.html?id=f95344889cab44bd84207052f44cb940 (accessed 08/06/2026). From that site: “This layer is an archive of Version 1.0 of the CEJST data as a fully functional GIS layer.” 

Other keywords are:  social, equity, ACS, American Community Survey, FEMA, National Risk Index, NRI, Energy, LEAD, EPA, EJSCREEN, Office of Air and Radiation, OAR, EPA National Air Toxics Assessment, NATA, Department of Transportation, DOT, Comprehensive Housing Affordability Strategy, CHAS, RCRA, CERCLIS, RMP, Risk-Screening Environmental Indicators, RSEI, Justice 40, Justice40",,,,Council on Environmental Quality (CEQ),https://doi.org/10.5281/zenodo.21843287,"Public Environmental Data Partners, Dylan Carlson Sirvent Leon and naomi yoder (naomi.yoder@envirodatagov.org - datasets) and David Muñoz (munozd@pm.me - metadata)",12/5/2024,2022-11-01 - 12-01-2024,No,,,,"Original documentation not accessible as the website is no longer accessible.  

Quoted from https://public-environmental-data-partners.github.io/j40-cejst-2/en/about, accessed 8/7/2026, “The tool shows information about the burdens that communities experience. It uses datasets to identify indicators of burdens. The tool shows these burdens in census tracts. Census tracts are small units of geography. Census tract boundaries for statistical areas are determined by the U.S. Census Bureau once every ten years. The tool utilizes the census tract boundaries from 2010. The tool also shows land within the boundaries of Federally Recognized Tribes and point locations for Alaska Native Villages.
The tool ranks most of the burdens using percentiles. Percentiles show how much burden each tract experiences compared to other tracts. Certain burdens use percentages or a simple yes/no.
A community is considered to be disadvantaged if they are located within a census tract that meets the tool’s methodology or are on land within the boundaries of Federally Recognized Tribes”.",,,838 MB,Version 1.0
NOAA,Climate at a Glance Global Time Series Tool,DOC - NOAA,Department of Commerce,National Oceanic and Atmospheric Administration,https://www.ncei.noaa.gov/access/monitoring/climate-at-a-glance/global/time-series,PEDP Volunteer,Cindy Cheng (cindy.yawen.cheng@gmail.com),8/20/2026,All Archiving Done,Needs scripting,Yes,https://doi.org/10.5281/zenodo.21279900,,https://docs.google.com/document/d/1yLzsn9K4OvsxVUOACIkqkkFEovqsTh3vjkfSmKteCsg/edit?usp=drive_link,305,MB,,"The Climate at a Glance tool provides dynamic access to NCEI temperature and precipitation datasets through a public API (https://www.ncei.noaa.gov/access/monitoring/climate-at-a-glance/time-series/). While data are accessible and machine-readable, full archival requires scripting to iterate through all variable and region combinations.",,metadata_DOC-noaa_TimeSeriesGlobal_cgts_cc_20260709_v1.docx,National Oceanic and Atmospheric Administration (NOAA) Climate at a Glance Global Time Series,,Extracted Data for NOAA Climate at a Glance Global Time series,"Atmospheric, Climatology/Climate Change, Precipitation",,,https://www.ncei.noaa.gov/access/monitoring/climate-at-a-glance/global/time-series,7/7/2026,,"Extracted data from from the NOAA 'Climate at a Glance Global Time Series' (https://www.ncei.noaa.gov/access/monitoring/climate-at-a-glance/global/time-series) on average temperature departures and precipitation.
Quoted from website (https://www.ncei.noaa.gov/access/monitoring/climate-at-a-glance/) on 2026-07-13: “
The global component of Climate at a Glance provides global-scale temperature and precipitation information.
Temperature departures are provided by NOAA's Global Surface Temperature Analysis (NOAAGlobalTemp), which uses comprehensive data collections of increased global coverage over land (Global Historical Climatology Network-Monthly) and ocean (Extended Reconstructed Sea Surface Temperature) surfaces.
Precipitation data are from the The Global Precipitation Climatology Project (GPCP) Monthly Precipitation Climate Data Record (CDR).
This tool provides near real-time analysis of monthly temperature and precipitation for the globe and is intended for the study of climate variability. Data is provided globally, by hemisphere, by regions, and by land and ocean surface components. The interactive mapping tool allows analysis of the spatial patterns of global and regional analysis. Recent data are preliminary and may be modified after appropriate quality control has been performed.”
Quoted from website (https://www.ncei.noaa.gov/access/monitoring/climate-at-a-glance/global/time-series)  on 2026-07-09: ""Please note, global and hemispheric temperature departures are with respect to the 1901-2000 average. Coordinate temperature departures are with respect to the 1991-2020 average. All other regional temperature departures are with respect to the 1901-2000 average.""",Yes,No,Screenshots of additional information on the data from the original website are included in this archive.,"NOAA National Centers for Information (Department of Commerce, National Oceanic and Atmospheric Administration)",https://doi.org/10.5281/zenodo.21279899,"Cindy Cheng, [Rocket Chat handle: @cindy_cheng]",2026-07-09.,"Average Temperature Departure Data: 1850-01-01 to 2026-05-01

Precipitation Data: 1979-01-01 to 2026-05-01",No,,,,"Quoted from https://www.ncei.noaa.gov/access/monitoring/climate-at-a-glance/global/data-info” (accessed 2026-07-09) 

“Global temperature departure from average data come from NOAA's Global Surface Temperature Analysis (NOAAGlobalTemp), which uses comprehensive data collections of increased global coverage over land (Global Historical Climatology Network-Monthly) and ocean (Extended Reconstructed Sea Surface Temperature) surfaces. These datasets have data from 1850 to the present. The land and ocean datasets are blended into a single product to produce the combined global land and ocean temperature departures. The global and hemispheric temperature departures are calculated with respect to the 1901-2000 average, the gridded temperature departures with respect to the 1991-2020 base period, while all other regional departures are based on the 1901-2000 period. Gridded temperature departures use a 5°x5° grid.

Precipitation
Precipitation data are provided by the The Global Precipitation Climatology Project (GPCP) Monthly Precipitation Climate Data Record (CDR) with data beginning in 1979. Departures are calculated with respect to the 1991-2020 base period. Gridded precipitation values use a 2.5°x2.5° grid.

References
Peterson, T. C., and R. S. Vose (1997), An Overview of the Global Historical Climatology Network Temperature Database, Bull. Am. Meteorol. Soc., 78, 2837–2849.
Quayle, R.G., T.C. Peterson, A.N. Basist, and C.S. Godfrey, 1999: An operational near-real-time global temperature index. Geophys. Res. Lett.. 26, 3 (Feb. 1, 1999), 333–335.
Smith, T. M., and R. W. Reynolds (2004), Improved extended reconstruction of SST (1854–1997), J. Climate, 17, 2466-2477.
Smith, T. M., and R. W. Reynolds (2005), A global merged land air and sea surface temperature reconstruction based on historical observations (1880-1997), J. Climate, 18, 2021–2036.
Smith, T. M., et al. (2008), Improvements to NOAA's Historical Merged Land-Ocean Surface Temperature Analysis (1880–2006), J. Climate, 21, 2283–2293.
Boyin Huang, Viva F. Banzon, Eric Freeman, Jay Lawrimore, Wei Liu, Thomas C. Peterson, Thomas M. Smith, Peter W. Thorne, Scott D. Woodruff, and Huai-Min Zhang, 2015: Extended Reconstructed Sea Surface Temperature Version 4 (ERSST.v4). Part I: Upgrades and Intercomparisons. J. Climate, 28, 911–930.
Huang, B., Peter W. Thorne, et. al, 2017: Extended Reconstructed Sea Surface Temperature version 5 (ERSSTv5), Upgrades, validations, and intercomparisons. J. Climate, DOI: 10.1175/JCLI-D-16-0836.1
Menne, M. J., C. N. Williams, B.E. Gleason, J. J Rennie, and J. H. Lawrimore, 2018: The Global Historical Climatology Network Monthly Temperature Dataset, Version 4. J. Climate, in press. DOI: 10.1175/JCLI-D-18-0094.1.
Vose, R.S., B. Huang, X. Yin., D. Arndt, D.R. Easterling, J.H. Lawrimore, M.J. Menne, A. Sanchez-Lugo, H.-M. Zhang, 2021: Implementing full spatial coverage in NOAA's global temperature analysis. Geophysical Research Letters, 48, e2020GL090873. DOI:https://doi.org/10.1029/2020GL090873
The complete land-sea surface climatology from the Climate Research Unit is described in:
Jones, P. D., M. New, D. E. Parker, S. Martin, and I. G. Rigor (1999), Surface Air Temperature and its Changes Over the Past 150 Years, Rev. Geophys., 37(2), 173—199.
Global land areas, excluding Antarctica, described in:
New, M. G., M. Hulme and P. D. Jones, in press: Representing 20th century space-time climate variability. I: Development of a 1961-1990 mean monthly terrestrial climatology. J. Climate.
Global oceans, 60S-60N, described in:
Parker, D. E., M. Jackson and E. B. Horton, 1995: The GISST2.2 sea surface temperature and sea-ice climatology. Climate Research Technical Note, CRTN 63, Hadley Centre for Climate Prediction and Research, Bracknel, UK.
Arctic sea areas, described in:
Rigor, I. G., R. L. Colony and S. Martin, submitted: Statistics of surface air temperature observations in the Arctic. J. Climate.
Martin, S. and E.A. Munoz: Properties of the Arctic 2-Meter Air temperature field for 1979 to the present derived from a new gridded data set. J. Climate, 10, 1428-1440.”",,,missing,v.1
NOAA,Climate at a Glance National Time Series Tool,DOC - NOAA,Department of Commerce,National Oceanic and Atmospheric Administration,https://www.ncei.noaa.gov/access/monitoring/climate-at-a-glance/national/time-series,PEDP Volunteer,Cindy Cheng (cindy.yawen.cheng@gmail.com),7/28/2026,All Archiving Done,Needs scripting,Yes,https://doi.org/10.5281/zenodo.21621020,,https://docs.google.com/document/d/1eQzEZ1ijJkaMT3Jv106wLolei6BwiZppcdnVVYbmb2U/edit?usp=drive_link,,,,"Supporting info:https://www.climate.gov/maps-data/dataset/global-temperature-anomalies-graphing-tool

This tool dynamically generates climate time series for national and subnational geographies using the same backend as the Global Climate at a Glance API. Each query returns JSON or CSV data on temperature anomalies or precipitation totals. No complete static archive exists; a scripted approach is needed to capture all permutations (region × variable × timeframe).",,metadata_DOC-noaa_TimeSeriesNational_cc_20260723_v1.docx,"National Oceanic and Atmospheric Administration (NOAA) National Time Series
National Oceanic and Atmospheric Administration (NOAA) Regional Time Series
National Oceanic and Atmospheric Administration (NOAA) Statewise Time Series
National Oceanic and Atmospheric Administration (NOAA) Divisional Time Series, 
National Oceanic and Atmospheric Administration (NOAA) County Time Series
National Oceanic and Atmospheric Administration (NOAA) City Time Series",,Extracted Data from NOAA Climate at a Glance US Time Series,"Atmospheric, Climatology/Climate Change, Precipitation",,,https://www.ncei.noaa.gov/access/monitoring/climate-at-a-glance/national/time-series,7/20/2026,,"Extracted data from NOAA ‘Climate at a Glance’ US data, available for the following geographical divisions: nation, region, state, division, county, and city. The following parameters are generally available for most geographic regions, though not all: Average temperature, maximum temperature, minimum temperature, precipitation, cooling degree days, heating degree days, Palmer Drought SEverity Index (PDSI), Palmer Hydrological Drought Index (PHDI), Palmer Modified Drought Index (PMDI), Palmer Z-Index. For more information on precise data availability see the ‘failed_downlads.xlsx’ file in the metadata folder of this archive. 

Quoted from website “Climate at a Glance U.S. Background” (https://www.ncei.noaa.gov/access/monitoring/climate-at-a-glance/) on 2026-07-27: 
“Climate at a Glance was developed at the request of NOAA Headquarters for near real-time analysis of monthly temperature and precipitation data across the contiguous U.S. and intended for the study of climate variability. Since the fall of 2000, users have been able to request data for select cities, states, regions and the nation and compare current conditions with the historical record. More recently, various parameters (e.g. heating/cooling degree days and drought indicators), expanded regional options (e.g. counties, river basins, agricultural belts, etc.) and new analyses (e.g. Haywood plots and climatological rankings) have been added to enhance and broaden the capabilities of this tool.

Because these data are primarily intended for the study of climate variability, observations have been adjusted to account for the artificial effects introduced into the climate record by factors such as instrument changes, station relocation, observer practice changes and urbanization. Some of the more current data provided by Climate at a Glance are preliminary and may be modified after appropriate quality control has been performed. As a result, some values may differ from official observations.”

No original README or Data Dictionary are associated with this data.","Yes, README.txt",No,"Although there is no official title/name to capture all the datasets, they were made available through the same web interface and all represent different geographical levels of U.S. data, which is why they are archived together here.

The data was extracted from 2026-07-20 to 2026-07-21","NOAA National Centers for Information (Department of
Commerce, National Oceanic and Atmospheric Administration)",https://doi.org/10.5281/zenodo.21621020,"Cindy Cheng, [Rocket Chat handle: @cindy_cheng]",7/27/2026,1985-01-01 to 2026-06-01,No,,,,"National, Regional, State, Division, County: 

 Allard, J., B.D. Keim, J.E. Chassereau, D. Sathiaraj. 2009. Spuriously induced precipitation trends in the southeast United States. Theoretical and Applied Climatology.
DOI: 10.1007/s00704-008-0021-9.

Guttman, N. V. and R. G. Quayle, 1996: A historical perspective of U.S. climate divisions. Bull. Amer. Meteor. Soc., 77, 293-303.
DOI: 10.1175/1520-0477(1996)077<0293:AHPOUC>2.0.CO;2

Karl, T.R., C.N. Williams, Jr., P.J. Young, and W.M. Wendland, 1986: A model to estimate the time of observation bias associated with monthly mean maximum, minimum, and mean temperature for the United States, J. Climate Appl. Meteor., 25, 145-160.
DOI: 10.1175/1520-0450(1986)025<0145:AMTETT>2.0.CO;2

Karl, T. R. and Koss, W.J., 1984. Historical Climatology Series 4-3: Regional and National Monthly, Seasonal and Annual Temperature Weighted by Area, 1895-1983.

Keim, B. D., A. Wilson, C. Wake, and T. G. Huntington, 2003: Are there spurious temperature trends in the United States Climate Division Database? Geophys. Res. Lett.,30, 1404.
DOI: 10.1029/2002GL016295

Keim, B.D., M.R. Fischer, and A.M. Wilson, 2005: Are there spurious precipitation trends in the United States Climate Division database? Geophys. Res. Lett., 32, L04702.
DOI: 10.1029/2004GL021985.

Menne, M.J., C.N. Williams, and R.S. Vose, 2009: The United States Historical Climatology Network Monthly Temperature Data - Version 2. Bulletin of the American Meteorological Society, 90, 993-1107.
DOI: 10.1175/2008BAMS2613.1.

Peterson, T.C., T.R. Karl, P.F. Jamason, R. Knight, and D.R. Easterling, 1998: The first difference method: maximizing station density for the calculation of long-term global temperature change. J. Geophys. Res., Atmospheres, 103 (D20), 25967-25974.
DOI: 10.1029/98JD01168

Willmott, C.J. and S.M. Robeson, 1995. Climatologically aided interpolation (CAI) of terrestrial air temperature. International Journal of Climatology, 15(2), 221-229.
DOI: 10.1002/joc.3370150207

Vose, R.S., Applequist, S., Durre, I., Menne, M.J., Williams, C.N., Fenimore, C., Gleason, K., Arndt, D. 2014: Improved Historical Temperature and Precipitation Time Series For U.S. Climate Divisions Journal of Applied Meteorology and Climatology.
DOI: 10.1175/JAMC-D-13-0248.1

Regional Only:

Thomas R. Karl and Walter James Koss, 1984: ""Regional and National Monthly, Seasonal, and Annual Temperature Weighted by Area, 1895-1983."" Historical Climatology Series 4-3, National Climatic Data Center, Asheville, NC, 38 pp.

City Only:

Menne, Matthew J.; Williams, Claude N. Jr.; Korzeniewski, Bryant (2017): North American Dataset, Version 1 [indicate subset used]. NOAA National Centers for Environmental Information. doi: 10.7289/V5348HN5",.,No,missing,v.1
NOAA,Climate Indices: Monthly Atmospheric and Ocean Time Series,DOC - NOAA,Department of Commerce,National Oceanic and Atmospheric Administration,https://psl.noaa.gov/data/climateindices/list/,EDGI,NJY / naomi.yoder@envirodatagov.org,8/20/2026,All Archiving Done,Needs scripting,Yes,https://dataverse.harvard.edu/dataset.xhtml?persistentId=doi%3A10.7910%2FDVN%2FADGZVQ&version=DRAFT ; https://drive.google.com/drive/folders/1QqOhiqExXyxRAbpZ1j0gE941ISELX7zt,,https://docs.google.com/document/d/1gbrvaB6opbv_0ffAIs4a11rY43_5q5buxlOm1SB1Djg/edit?usp=drive_link,654,GB,7/6/2026,"listed in the ""challenging"" tab

The NOAA PSL Climate Indices page aggregates a large set of atmospheric and oceanic time series, each maintained independently. While every dataset is downloadable directly, there’s no centralized bulk endpoint. Reproducible archival requires a scripted crawler to traverse links, download text and NetCDF files, and log metadata such as index name, units, and update frequency.          NJY: i changed the status to ""all archiving done"" as of 8/20/26 since the data are all available on Google Drive, but the Dataverse entry is still under review.",,metadata_DOC-NOAA_ClimateIndices_njy_20260713_v2.docx,Climate Indices: Monthly Atmospheric and Ocean Time Series,,"Extracted Data From:  NOAA Climate Indices, Monthly Time Series (Physical Sciences Laboratory)","Atmospheric, Climatology/Climate Change, Environment, GeoScientific Information, Oceans","Carbon Dioxide (CO2), Climate, Climate Change, El Nino Southern Oscillation (ENSO), Environment, Global Warming, Greenhouse Gas",Earth and Environmental Sciences,https://psl.noaa.gov/data/climateindices/list/ ; https://psl.noaa.gov/data/timeseries/month/,7/6/2026,,"Quoted from https://psl.noaa.gov/data/timeseries/month/ (accessed 7/13/2026):  
“Time-series related to the atmosphere/ocean system are listed in the tables in the tabs along with a link to the data values and documentation. While we attempt to keep time-series updated, some time-series may not be. More recent data may be available at the source. Please see ""Tools"" for more information and caveats.”

The datasets are all downloaded as comma separated values files (.csv) and as NetCDF (.nc) formats.  The datasets are grouped by heading: Ocean, Atmosphere, Precipitation, Global Temperatures, Snow and Ice, Miscellaneous, Tools.

Two versions of the data are available:  one at Harvard Dataverse (pending review as of 8/20/26) and one at a Google Drive site.  The Google Drive site has the largest files (NOAA CIRES) batched in chunks.  The smaller chunks are roughly 10 - 20 GBs each, separated by variable and years covered.",,,,"Department of Commerce, National Oceanic and Atmospheric Administration, (DOC - NOAA)",https://doi.org/10.7910/DVN/ADGZVQ ; https://drive.google.com/drive/folders/1QqOhiqExXyxRAbpZ1j0gE941ISELX7zt,"naomi yoder, Environmental Data and Governance Initiative / Public Environmental Data Partners, naomi.yoder@envirodatagov.org (RocketChat handle @naomi)",7/15/2026,01-01-1749 to 06-01-2026,No,,,,"Quoted from https://psl.noaa.gov/data/help/ (accessed 7/15/2026):
“The information on federal government servers are in the public domain, unless specifically annotated otherwise, and may be used freely by the public so long as you: 		
do not claim it is your own (e.g. by claiming copyright for NOAA information – see below),
do not use it in a manner that implies an endorsement or affiliation with NOAA, or
do not modify it in content and then present it as official government material.
	You also cannot present information of your own in a way that makes it appear to be official government information. 		
	We ask that you acknowledge the use of images/data/forecasts taken from these webpages as: 	
Data/image provided by the NOAA Physical Sciences Laboratory, Boulder, Colorado, USA, from their website at https://psl.noaa.gov/.		
If you use any datasets in your work, please cite them separately from any of PSL's images. You may need to have a separate citation for forecasts as well. Please refer to a forecast/data product's webpage for additional specific citation requirements, if indicated.”",https://psl.noaa.gov/disclaimer/,,654 GB,"V.1
V2 - added size"
BEA,"County, Metro, and Other Local Area Data",DOC - BEA,Department of Commerce,Bureau of Economic Analysis,https://www.bea.gov/data/by-place-county-metro-local,EDGI,NJY / naomi.yoder@envirodatagov.org,4/23/2026,All Archiving Done,"Needs scripting, Needs expertise",Yes,https://doi.org/10.5281/zenodo.17705178,"XLSX, PDF, JSON, XML",https://docs.google.com/document/d/1bDFQIrkF-I09V5AiExlbuZPThNYz8Jn4HeylJGsjw8A/edit?usp=drive_link,1,GB,9/26/2025,"Download data from interactive tables as PDF or CSV, use API to get JSON and XML, also has python and R packages. Seperate Methology PDFs.   Data from the ""previously published"" dropdown not available (except the Data Archive which was downloaded)",,Metadata_DOC-BEA_CountyLocal_njy_20251124.docx,"BEA Data By Place:  County, Metro, and Other Local Areas",,"Replication Data for: DOC - BEA Data by Place: County, Metro and other Local Areas","Demographics, Economy",,,https://www.bea.gov/data/by-place-county-metro-local,9/26/2025,,"Data are from the Department of Commerce - Bureau of Economic Analysis (DOC - BEA).  The BEA website lists the following items available (quoted from the landing page (https://www.bea.gov/data/by-place-county-metro-local; accessed 11/24/2025):

GDP by County, Metro, and Other Areas (with Industry Detail)
 GDP for local areas, with industries’ contributions to each economy

GDP by Metro Area with Industry Detail
 Note: GDP by Metro Area is now part of GDP by County, Metro, and Other Areas

GDP by County
 Note: GDP by County is now part of GDP by County, Metro, and Other Areas

Personal Income by County, Metro, and Other Areas
 Wages, proprietors' income, dividends, interest, rents, and other income received by local residents

Real Personal Income by Metro Area
 Personal income adjusted for state and metro area price level differences and national inflation

Regional Price Parities by State and Metro Area
 Measure price levels that can be compared across states or metro areas

Employment by County, Metro, and Other Areas
 Measures the number of jobs in U.S. counties and metro and nonmetro areas, with industry detail

Economic Information for Coastal Areas
 Highlights coastal states and counties' personal incomes and earnings, and state GDP
There are multiple geographic levels available, plus multiple metrics for each category as well.  These data are for the Local listings (i.e., Counties, Metro Areas and other regional groupings).  BEA publishes data at a State and National scale as well.  For all three geographic levels (Local, State, National), there are 519 table types available, listed in the file BEA_All_Tables_Comprehensive.csv.  However, for each table, there are often multiple time periods (Annual, Quarterly) as well. The full listing of all tables contained in the entire 3 datasets is in BEA_Inventory_Report.xslx.  The latter can also be examined for files only occurring in County, Metro and other Local Areas where the “Directory” column is “BEA_CountyMetroLocal”.
Most of the data for this Localized geography are in the zip files.  Each of the categories of download have been zipped together, as well as the Python code for downloading.
Code for downloads and indexing and cataloging is available in both the BEA_Python_Scripts.zip and the GitHub repository at https://github.com/Public-Environmental-Data-Partners/scripts/tree/main/oneTimeHacks/BEA",No,No,"Data were downloaded over a period of time 9/26/2025 - 10/1/2025.  Inventory of files and zip files for organizing were created on 11/21/2025.

Temporal resolution of the datasets varies widely; the time period listed in row 18 is for the largest bounds across all datasets, not for every dataset inclusive.",Department of Commerce - Bureau of Economic Analysis (DOC - BEA),https://doi.org/10.5281/zenodo.17705178,"naomi yoder, Environmental Data and Governance Initiative / Public Environmental Data Partners, naomi.yoder@envirodatagov.org (RocketChat handle @naomi, GitHub username @naomi-yoder)",11/24/2025,1901 - 2025,No,,,,"“The BEA Web site (www.bea.gov) is maintained under the direction of the U.S. Department of Commerce, an agency of the U.S. Government. The site contains official U.S. economic analysis data developed by BEA subject specialists and made accessible to the public through the BEA Web site and via BEA print publications. BEA seeks to strengthen the understanding of the U.S. economy and its competitive position by providing the most accurate and relevant Gross Domestic Product (GDP) and economic accounts data in a timely and cost-effective manner.
Organizations are free to link to the BEA Web site (www.bea.gov), and unless stated otherwise, the information posted on the BEA Web site is in the public domain and may be used or reproduced without specific permission. A citation such as ""Source: U.S. Bureau of Economic Analysis"" would be appreciated. Organizations may use the BEA logo on a Web page as an aid to establishing link identity, but use of the logo for any other purpose is prohibited.
As a U.S. Government agency, BEA is not permitted to endorse or recommend any commercial products or services that your organization may offer. Any reference or link that you establish to the BEA Web site must not contain information that suggests such an endorsement or recommendation by BEA. Similarly, any link that BEA determines should be placed on its official Web site will not contain information that endorses or recommends a referenced organization. Further, the BEA site does not accept advertising or provide promotional materials or services of any kind.”
https://www.bea.gov/about/policies-and-information/linking - accessed 11/24/2025","“BEA and the Department of Commerce have long-standing procedures that are designed to ensure that data dissemination to all interested members of the public occurs simultaneously. Furthermore, these procedures preserve the distinction between the policy-neutral release of data by statistical agencies and their interpretation by policy officials. The objectivity of BEA estimates is also fostered by the publication of methodologies and assumptions that allow a large number of economists and policy officials to replicate the estimates and thereby provide an independent check on the credibility and objectivity of the estimates. The BEA procedures adhere to the Office of Management and Budget (OMB) standards for data dissemination as described in ""Statistical Policy Directive on the Compilation, Release and Evaluation of Principal Federal Economic Indicators"", commonly known as Statistical Policy Directive No. 3. Although the Directive is aimed at principal economic indicators, a subset of economic indicators, the BEA procedures apply to all of the statistics it produces.
At BEA, strict procedures are followed to ensure that data are not disseminated before the official release time, except as authorized under Statistical Policy Directive No. 3. In order to protect its data from early release BEA:
Releases the data according to an announced schedule that minimizes the risk of pre-release access and instills confidence in the integrity of the data. The schedule is promulgated at least one year in advance and is immutable.
Limits access to data prior to release only to those with a clear need to know. There is no pre-release access or review outside of BEA by policy officials (all BEA staff are career employees) of the estimates, press release, or other materials related to the estimates.
Provides physical and computer security necessary to limit access to those with a need to know. (See the ""Integrity"" section of the Information Quality Guidelines.)
Ensures that no BEA employee inadvertently provides pre-release data to the media.
As provided for in Statistical Policy Directive No. 3, pre-release of principal economic indicators, GDP, Personal Income and Corporate Profits, is provided to the President through the Chairman of the Council of Economic Advisors. This release occurs only after the data have been approved and finalized within BEA and copies of materials for public release have been prepared.
Within one hour before the scheduled time of a news/public release of any data, the information to be released may be provided to the Under Secretary for Economic Affairs and other Commerce Department policy officials in a lock-up environment. There is no external communication of information from the lock-up until the time of public release.”
https://www.bea.gov/about/policies-and-information/data-dissemination - accessed 11/24/2025",missing,missing,"V2 - added title, changed DOI to permanent
v1"
CDC,Data and Maps for Eastern Equine Encephalitis,DHHS - CDC,Department of Health and Human Services,Centers for Disease Control and Prevention,https://www.cdc.gov/eastern-equine-encephalitis/data-maps/index.html,Harvard/BU CAFE,ZP,8/14/2026,All Archiving Done,,Yes,https://dataverse.harvard.edu/dataset.xhtml?persistentId=doi:10.7910/DVN/EJP0MA,CSV,https://docs.google.com/document/d/1Xk9Q_HbOOruSJCtz2mtbGyYtNF8UCBX_yoeXY7bfAt8/edit?tab=t.0,3.2,MB,3/25/2025,Metadata not in final folder (NJY 8/11/26).  Current and historic data,,metadata_DHHS-CDC_EasternEquineEncephalitis_ZP_20250321_v1.docx,CDC Eastern Equine Encephalitis Virus Data,,Extracted Data From: CDC Eastern Equine Encephalitis Virus Data,Health,Vector-borne Disease,"Medicine, Health and Life Sciences",https://www.cdc.gov/eastern-equine-encephalitis/data-maps/index.html,3/21/2025,,"""Eastern equine encephalitis virus is transmitted to humans through the bite of an infected mosquito. Human eastern equine encephalitis cases occur relatively infrequently, largely because the primary transmission cycle takes place in and around swampy areas where people are less likely to go. Eastern equine encephalitis virus transmission is most common in and around freshwater hardwood swamps in the Atlantic and Gulf Coast states and the Great Lakes region. All residents of and visitors to areas where eastern equine encephalitis virus activity has been identified are at risk of infection.

People who work and participate in recreational activities outdoors in endemic areas are at increased risk of infection. Persons over 50 years of age and under 15 years of age seem to be at greatest risk for developing severe disease when infected with eastern equine encephalitis virus. Overall, only about 4–5% of human eastern equine encephalitis virus infections result in eastern equine encephalitis.

Eastern equine encephalitis virus infection is thought to provide life-long immunity against reinfection. However, the immunity does not protect against other alphaviruses (e.g., western equine encephalitis virus), flaviviruses (e.g., West Nile virus), or bunyaviruses (e.g., La Crosse virus).

In the United States, an average of 11 human cases of eastern equine encephalitis are reported annually. To ensure standardization of reporting across the country, CDC recommends that the national surveillance case definition be consistently applied by all state health departments.""
[Quote from https://www.cdc.gov/eastern-equine-encephalitis/datamaps/index.html]

This extracted dataset includes Current Year Data (for 2024) and Historical Data (for 2003 to 2023) from the CDC Eastern Equine Encephalitis Data and Maps page (https://www.cdc.gov/eastern-equine-encephalitis/data-maps/historic-data.html)

""ArboNET is a national arboviral surveillance system managed by CDC and state health departments. The visuals on this dashboard display eastern equine encephalitis data from 2003–2023."" [Quote from https://www.cdc.gov/eastern-equine-encephalitis/data-maps/historicdata.html] (2025-03-25)",No,No,,"DHHS - CDC, Department of Health and Human Services, Centers for Disease Control and Prevention",https://doi.org/10.7910/DVN/EJP0MA,Zachary Popp,3/25/2025,Start Date: 2003-01-01; End Date: 2024-06-18,No,,,,"The below was copied as is from the CDC website (https://www.cdc.gov/other/agencymaterials.html): ""Use of Agency Materials Print Most of the information on the CDC and ATSDR websites is not subject to copyright, is in the public domain, and may be freely used or reproduced without obtaining copyright permission. There are, however, a few exceptions. A federal government website may have a mix of public domain and copyright-protected materials. First, some resources, as well as images, on the CDC and ATSDR websites are restricted in their use because they were developed by government contractors or grantees, or have been licensed by a third party. Second, the U.S. government work designation does not apply to works of state and local governments; works of state and local governments may be protected by copyright. Third, copyright laws also differ internationally. While U.S. federal copyright laws may not protect U.S. government works outside the United States, the work may still be protected under the copyright laws of other countries when used in these jurisdictions. Copyright-protected materials featured on the CDC and ATSDR websites should include a copyright statement. However, if in doubt, please write to the contact point for that site. The following requirements must be followed to utilize CDC’s public domain content: 1) Attribution to the agency that developed the material must be provided in your use of the materials. Such attribution should clearly state the materials were developed by CDC ATSDR and/or HHS (e.g., “Source: CDC”; “Materials developed by CDC”); 2) You must utilize a disclaimer which clearly indicates that your use of the material, including any links to the materials on the CDC, ATSDR or HHS websites, does not imply endorsement by CDC, ATSDR, HHS or the United States Government of you, your company, product, facility, service or enterprise. All such disclaimers must be prominently and unambiguously displayed (e.g., “Reference to specific commercial products, manufacturers, companies, or trademarks does not constitute its endorsement or recommendation by the U.S. Government, Department of Health and Human Services, or Centers for Disease Control and Prevention; 3) You may not change the substantive content of the materials; and 4) You must state that the material is otherwise available on the agency website for no charge. Note: Many of CDC’s on-line publications are continually updated as the agency learns more about a specific disease or condition. Occasionally, sites that copy and re-post CDC materials fail to check for updates, which may result in out-of-date information being offered to users. For that reason, we urge you to link directly to our resource documents rather than re-posting. If you do re-post, please check back periodically to see if there are revisions. Linking to CDC, ATSDR or HHS content should open up a new browser window to our site/page. CDC content should not appear within the original window, framed by the existing site. CDC LOGO The CDC and/or ATSDR logo and other related CDC, ATSDR or Department of Health and Human Services (HHS) logos and marks are U.S. government property and may not be used without express written permission from CDC, ATSDR and/or HHS. These logos and marks are designed to signify official agency products, activities, representatives, and facilities. They should never be used to promote or suggest endorsement of non-CDC, ATSDR or HHS companies, activities, products, events, facilities or services. They should never be used by outside parties to misrepresent the purpose, character, statements or policies of the agencies. Please note: Any misrepresentation or misappropriation of the agency’s materials, positions or logo/marks in publications sold for profit will be referred to the HHS Office of the Inspector General (and possibly law enforcement and other entities) for investigation and possible enforcement and may be subject to civil money penalties under 42 U.S.C. Section 1320b-10. PHIL Image Reuse Terms and Conditions Most images found in the Public Health Image Library (PHIL) are royalty-free and available for personal, professional and educational use in electronic or print media, with appropriate citation. Please credit CDC and the individual photographer if his/her name is given. If used in electronic media, please link back to the PHIL site. Images other than those in the PHIL may have been licensed for use by CDC from a stock photography service or other copyright holder and the license holder may prohibit republication, retransmission, reproduction or other use of the images. Please contact us with any other questions about reuse of specific images.""",,,3.2 MB,v1
Census,"Decennial Census, Economic Census data, all Census except ""Geo""",DOC - Census,Department of Commerce,US Census Bureau,"https://www2.census.gov/ (all except ""/geo""); https://api.census.gov/data",EDGI,NJY / naomi.yoder@envirodatagov.org,6/24/2026,All Archiving Done,Needs scripting,Yes,"Unzipped Containing Folder ""Census_Unzipped"" - https://drive.google.com/drive/u/0/folders/1nnoIa99hEfn8VODt7VC4EEt3P5cziOEa 
Unzipped API ""Census_API"" - https://drive.google.com/drive/u/0/folders/104YoxncmDoNQlrAZQGYzpWM2DAHG-vOW 
Unzipped FTP (to branch level) ""Census_FTP_Branch_Zip"" - https://drive.google.com/drive/u/0/folders/1qeZZb-ntt5rOKIAoq6NX4iV6gLghCnj1 

Zipped Containing Folder ""Census_TopLevel_Zips"" - https://drive.google.com/drive/u/0/folders/1KYqPaxYg67EDCGdUgog-u2na5b3_sNHn 
Zipped API ""Census_API_zips"" - https://drive.google.com/drive/u/0/folders/1J_RSene_t_bMdpZJEI5z1AI6RKfXC13O 
Zipped FTP ""Census_FTP_zips"" - https://drive.google.com/drive/u/0/folders/1iQ5PPglFQGpt1VbxYTEryWW2eEF4v4sQ 

 https://drive.google.com/drive/folders/1J_RSene_t_bMdpZJEI5z1AI6RKfXC13O?usp=drive_link ; https://drive.google.com/drive/folders/1iQ5PPglFQGpt1VbxYTEryWW2eEF4v4sQ?usp=drive_link ",,https://docs.google.com/document/d/1IBk6-EkExsd1CaGdED3MFy5L0OhlgGaxMS3xW2aZ_4g/edit?tab=t.0,1.53,TB,,,,metadata_DOC-Census_Decennial_Econ_all_but_Geo_njy_20260601_v1.docx,"US Census Files (accessed from API and from FTP), all files except the “Geo” or TIGER universe",,"Extracted Data From:  DOC-Census (Department of Commerce, Census Bureau) All Files Except “Geo” TIGER Files","Demographics, Society",,,https://api.census.gov/data (api); https://www2.census.gov/ (ftp),1/25/2026,,"This archive was downloaded via script, and encompasses all of the US Census, except the “Geo” folder (the “TIGER” files) on the FTP site.  The Geo data are available in another archive, linked HERE.  
The data were downloaded from both the Census API, and the Census FTP site.  The scripts are contained in the zip file named “census_catalog_download_scripts_njy.zip” and are also found on GitHub at https://github.com/Public-Environmental-Data-Partners/scripts/tree/main/DataArchiveProjects/Census/Full .  
Due to the large size of subfolders, and the large numbers of files (i.e., millions) there were a couple thousand files that were not successfully downloaded.  The scripts were created to re-run and capture files that were not successfully downloaded the first time,  but the Census sites (especially the FTP site) were throttled and would sometimes repeatedly block a download effort.  
The full, unzipped archive (of both API and FTP sources) contains:
1.53 TB
1,032,225 files
18,784 folders (including all subfolders)
The archive links contain files categorized by source (API vs FTP), and by zip level.  First are the “top level” zip files, where the zip files consist of the highest or most “upstream” level of folder by source.  For those, a list of the contents of the zip files (including subfolders) is available for each the API and the FTP-based downloads as well.  
Second are the unzipped files, which are files either completely unzipped (except where the native format was a zip file) in the case of the API files, and then the most “downstream” files zipped for the FTP files.
—-----------------------------------------------------------------------------------
Zipped - drive.google.com/drive/u/0/folders/1KYqPaxYg67EDCGdUgog-u2na5b3_sNHn 
API - https://drive.google.com/drive/u/0/folders/1J_RSene_t_bMdpZJEI5z1AI6RKfXC13O 
The zip files within Census_TopLevel_Zips\Census_API_zips folder are as follows (and this list is also included in the Census_API_zips_list.txt file):
abscb.zip: 39 files
abscbo.zip: 14 files
abscs.zip: 63 files
absmcb.zip: 22 files
absnesd.zip: 54 files
absnesdo.zip: 12 files
abstcb.zip: 21 files
acs.zip: 54736 files
cfsarea.zip: 94 files
cfsexport.zip: 26 files
cfshazmat.zip: 60 files
cfsprelim.zip: 14 files
cfstemp.zip: 29 files
cre.zip: 8 files
crepuertorico.zip: 8 files
dec.zip: 12123 files
ecnadbnprop.zip: 2 files
ecnadmben.zip: 4 files
ecnbasic.zip: 66 files
ecnbranddeal.zip: 4 files
ecnbridge1.zip: 6 files
ecnbridge2.zip: 6 files
ecnbrordeal.zip: 4 files
ecncashadv.zip: 2 files
ecnccard.zip: 4 files
ecnclcust.zip: 12 files
ecncomm.zip: 6 files
ecncomp.zip: 6 files
ecnconact.zip: 6 files
ecnconcess.zip: 2 files
ecncrfin.zip: 4 files
ecndirprem.zip: 2 files
ecndissmed.zip: 4 files
ecnecomm.zip: 2 files
ecnelmenu.zip: 2 files
ecnempfunc.zip: 6 files
ecnentsup.zip: 9 files
ecneoyinv.zip: 6 files
ecneoyinvwh.zip: 4 files
ecnequip.zip: 2 files
ecnexpnrg.zip: 4 files
ecnexpsvc.zip: 11 files
ecnflspace.zip: 4 files
ecnfoodsvc.zip: 4 files
ecnfran.zip: 4 files
ecngrant.zip: 4 files
ecngrmargprof.zip: 2 files
ecnguest.zip: 2 files
ecnguestsize.zip: 2 files
ecnhosp.zip: 4 files
ecnhotel.zip: 2 files
ecninstr.zip: 2 files
ecninvval.zip: 6 files
ecnipa.zip: 6 files
ecnkob.zip: 6 files
ecnlabor.zip: 4 files
ecnlifomfg.zip: 6 files
ecnlifomine.zip: 6 files
ecnlifoval.zip: 2 files
ecnlines.zip: 16 files
ecnloan.zip: 4 files
ecnloccons.zip: 4 files
ecnlocmfg.zip: 6 files
ecnlocmine.zip: 6 files
ecnmargin.zip: 4 files
ecnmatfuel.zip: 9 files
ecnmealcost.zip: 2 files
ecnmenutype.zip: 2 files
ecnnapcsind.zip: 4 files
ecnnapcsprd.zip: 4 files
ecnpatient.zip: 4 files
ecnpetrfac.zip: 4 files
ecnpetrprod.zip: 4 files
ecnpetrrec.zip: 4 files
ecnpetrstat.zip: 4 files
ecnprofit.zip: 4 files
ecnpurelec.zip: 6 files
ecnpurgas.zip: 4 files
ecnpurmode.zip: 4 files
ecnrdacq.zip: 2 files
ecnrdofc.zip: 4 files
ecnseat.zip: 2 files
ecnsize.zip: 123 files
ecnsocial.zip: 4 files
ecntype.zip: 6 files
ecntypepayer.zip: 2 files
ecntypop.zip: 6 files
ecnvalcon.zip: 6 files
geoinfo.zip: 8 files
pep.zip: 10 files
rhfs.zip: 21 files
sbo.zip: 96 files
viusa.zip: 4 files
viusb.zip: 4 files
viusc.zip: 6 files
viusd.zip: 5 files
viuse.zip: 5 files
viusf.zip: 3 files

Total: 67,991 files across 98 archives
—-----------------------------------------------------------------------------------
FTP - https://drive.google.com/drive/u/0/folders/1iQ5PPglFQGpt1VbxYTEryWW2eEF4v4sQ 
The zip files within Census_FTP_zips are as follows (and this list is also included in the Census_FTP_zips_list.txt file):
2025.zip: 20 files
EEO_2006_2010.zip: 1015 files
EEO_2014_2018.zip: 5708 files
EEO_Disability_2008-2010.zip: 95 files
Econ2001_And_Earlier.zip: 85 files
about.zip: 2302 files
acs.zip: 32674 files
acs2002.zip: 4797 files
acs2003.zip: 1488 files
acs2004.zip: 1366 files
acs2005.zip: 7544 files
acs2005_2007_3yr.zip: 8548 files
acs2005_2009_5yr.zip: 493 files
acs2006.zip: 7864 files
acs2006_2008_3yr.zip: 8814 files
acs2007_1yr.zip: 8555 files
acs2007_2009_3yr.zip: 8861 files
acs2007_3yr.zip: 8548 files
acs2008_1yr.zip: 8799 files
acs2008_3yr.zip: 8814 files
acs2009_1yr.zip: 9765 files
acs2009_3yr.zip: 8861 files
acs2009_5yr.zip: 493 files
acs2010_1yr.zip: 9872 files
acs2010_3yr.zip: 9872 files
acs2010_5yr.zip: 387 files
acs2010_SPT_AIAN.zip: 222 files
acs2011_1yr.zip: 9820 files
acs2011_3yr.zip: 9766 files
acs2011_5yr.zip: 387 files
acs2012_1yr.zip: 9819 files
acs2012_3yr.zip: 9766 files
acs2012_5yr.zip: 174 files
acs2013_1yr.zip: 18533 files
acs2013_3yr.zip: 9364 files
acs2013_5yr.zip: 357 files
acs_special_tabs.zip: 1 files
adrm.zip: 326 files
api-documentation.zip: 150 files
cac.zip: 588 files
census_1940.zip: 35 files
census_1980.zip: 291 files
census_1990.zip: 8754 files
census_2000.zip: 462959 files
census_2010.zip: 1687 files
ces.zip: 3536 files
data.zip: 313 files
dec.zip: 1 files
decennial.zip: 34 files
dssd.zip: 216 files
econ.zip: 8714 files
econ1977.zip: 175 files
econ1982.zip: 175 files
econ1987.zip: 3113 files
econ1992.zip: 2082 files
econ1997.zip: 818 files
econ2002.zip: 682 files
econ2003.zip: 22 files
econ2004.zip: 30 files
econ2005.zip: 30 files
econ2006.zip: 31 files
econ2007.zip: 8221 files
econ2008.zip: 58 files
econ2009.zip: 61 files
econ2010.zip: 55 files
econ2011.zip: 40 files
econ2012.zip: 19367 files
econ2013.zip: 62 files
econ2014.zip: 137 files
econ2015.zip: 103 files
econ2016.zip: 98 files
econ2017.zip: 7 files
foia.zip: 456 files
govs.zip: 12559 files
hhes.zip: 26 files
historical.zip: 1625 files
img.zip: 6 files
indicators.zip: 2690 files
library.zip: 5171 files
marts.zip: 1218 files
mtis.zip: 706 files
news.zip: 10 files
outgoing.zip: 38 files
plmap.zip: 131263 files
prod2.zip: 16102 files
programs-surveys.zip: 66411 files
pub.zip: 22 files
pums.zip: 3 files
retail.zip: 1911 files
services.zip: 1211 files
software.zip: 170 files
tms_data.zip: 134 files
topics.zip: 385 files
training-workshops.zip: 1181 files
volume-14.zip: 24 files
w3c.zip: 1 files
wdob.zip: 8 files
wholesale.zip: 748 files
www.zip: 6 files

Total: 964,026 files across 99 archives
—-----------------------------------------------------------------------------------
Unzipped Files - https://drive.google.com/drive/u/0/folders/1nnoIa99hEfn8VODt7VC4EEt3P5cziOEa 
For access to FTP subfolders use this link:  https://drive.google.com/drive/u/0/folders/1qeZZb-ntt5rOKIAoq6NX4iV6gLghCnj1 .  The format for this folder’s archive is that only the “downstream-most” folder’s files are zipped.  For any containing folders and their respective files, those are clickable in the tree as they were on the FTP site.  

For API files, the link to unzipped files is here:  https://drive.google.com/drive/u/0/folders/104YoxncmDoNQlrAZQGYzpWM2DAHG-vOW .  For API “unzipped files”, no files are zipped unless the native download was a zip file.",,,"Downloads were made each over a period of time:  
API 1/25/2026 - 2/4/2026; 
FTP 2/4/2026 - 3/6/2026
Uploads were also made over a long set of time, with the zipped files first (in March 2026) and the unzipped files last (June 2026)","Department of Commerce, US Census Bureau (DOC - Census)","Unzipped Containing Folder - Census_Unzipped
Unzipped API - Census_API
Unzipped FTP (to branch level) - Census_FTP_Branch_Zip

Zipped Containing Folder - Census_TopLevel_Zips
Zipped API - Census_API_zips
Zipped FTP - Census_FTP_zips","naomi yoder, Environmental Data and Governance Initiative / Public Environmental Data Partners, naomi.yoder@envirodatagov.org (RocketChat handle @naomi)",6/1/2026,2002-01-01 to 2025-12-31,No,,,,"“Our mission is to serve as the nation's leading provider of quality data about its people and economy. We couldn’t produce this information without you.
We call our approach to maintaining your trust “Data Stewardship.”
Being responsible stewards of your data is not only required by law, it’s embedded in our culture.
Our Data Stewardship program includes ongoing training, accountability and the lifetime oath each of us swears to keep your information confidential. Our Data Stewardship Executive Policy Committee oversees these activities, setting the rules and policies all staff must follow.
The Law Protects Your Information
By law, your information is confidential. Your answers cannot be used against you by any government agency or court. The law is found in Title 13 of the U.S. Code. Anyone who violates this law faces severe penalties.
Our Privacy Principles Guide Our Work
Our privacy principles guide our actions so that we respect your privacy and protect your confidentiality. The principles are--necessity, openness, respect and confidentiality. See how these principles drive decisions throughout the survey lifecycle.
We Use Cutting-Edge Safeguards to Protect Your Identity
We do not identify individuals in the data we publish. We only publish statistics. Our policies and statistical safeguards help us ensure the confidentiality of your information. Our Disclosure Review Board verifies that any data product we release meets our confidentiality standards.
Secure Technology
Our IT systems are designed to defend against and contain cyberthreats. From the beginning of the data collection process through the final storage of information, we protect your data following industry best practices and federal requirements. We use data encryption and two forms of authentication to secure system access. The security of our systems is a top priority, and we continually refine our approach to address emerging threats and position ourselves to identify, prevent, detect, respond to and recover from possible cyberthreats.” - Quoted from https://www.census.gov/about/policies/privacy/data_stewardship.html, accessed 03/31/2026",,,missing,v.1
CDC,Efficacy of Do-It-Yourself Air Filtration Units in Reducing Exposure to Simulated Respiratory Aerosols,DHHS - CDC - NIOSH,Department of Health and Human Services,Centers for Disease Control and Prevention - National Institute for Occupational Safety and Health,https://data.cdc.gov/National-Institute-for-Occupational-Safety-and-Hea/Efficacy-of-Do-It-Yourself-Air-Filtration-Units-in/g7ty-3t6s/about_data,Harvard/BU CAFE,MK,4/23/2026,All Archiving Done,,Yes,https://dataverse.harvard.edu/dataset.xhtml?persistentId=doi:10.7910/DVN/OXD7BP,,https://docs.google.com/document/d/1DLmPZ3eHlbTbXrJvWk9mALAkmwCPsmy0uGJfaf5qLXI/edit?tab=t.0,7.5,MB,4/23/2025,,,metadata_DHHS-CDC_DoItYourSelfAirFiltration_MK_20250415_v1.docx,Efficacy of Do-It-Yourself Air Filtration Units in Reducing Exposure to Simulated Respiratory Aerosols,,Extracted Data From: Efficacy of Do-It-Yourself Air Filtration Units in Reducing Exposure to Simulated Respiratory Aerosols,Health,Aeroallergens; Air Pollution; Environment; Environmental Health,Earth and Environmental Sciences,https://data.cdc.gov/National-Institute-for-Occupational-Safety-and-Hea/Efficacy-of-Do-It-Yourself-Air-Filtration-Units-in/g7ty-3t6s/about_data,4/15/2025,,"This submission includes publicly available data extracted in its original form.

If you have questions about the underlying data stored here, please contact the Health Effects Laboratory Division, Allergy and Clinical Immunology Branch at sa-cin-webteam@cdc.gov. If you have questions or recommendations related to this metadata entry and extracted data, please contact the CAFE Data Management team at: climatecafe@bu.edu.

""Our investigation examined the efficacy of Do-It-Yourself (DIY) air filtration units in reducing recipient exposure to simulated respiratory aerosols within a mock classroom. Seven commercially available box style fans were evaluated using five performance parameters. Two fans with the highest and lowest airflow rates were subsequently evaluated in two DIY unit configurations using either 2.5 or 5 cm deep minimum efficiency reporting value (MERV) 13 filters. DIY air filtration units were tested with the central HVAC system set at 2 air changes/hour (ACH) to represent a classroom with low ventilation. Results of the investigation provide a better understanding of DIY units and their potential to reduce exposure to infectious aerosols that can transmit SARS-CoV-2 and other diseases.""
[Quote from: https://data.cdc.gov/National-Institute-for-Occupational-Safety-and-Hea/Efficacy-of-Do-It-Yourself-Air-Filtration-Units-in/g7ty-3t6s/about_data] (2025-04-15)

""ArboNET is a national arboviral surveillance system managed by CDC and state health departments. The visuals on this dashboard display eastern equine encephalitis data from 2003–2023."" [Quote from https://www.cdc.gov/eastern-equine-encephalitis/data-maps/historicdata.html] (2025-03-25)",Yes,Yes,,"DHHS - CDC - NIOSH Department of Health and Human Services, Centers for Disease Control and Prevention - National Institute for Occupational Safety and Health",https://doi.org/10.7910/DVN/OXD7BP,Mahima Kaur,4/15/2025,Start Date: 2024-01-01; End Date: 2024-01-01,No,,,,"Terms and conditions were captured directly from the CDC Use of Agency Materials page (https://www.cdc.gov/other/agencymaterials.html) and are pasted below: ""Most of the information on the CDC and ATSDR websites is not subject to copyright, is in the public domain, and may be freely used or reproduced without obtaining copyright permission. There are, however, a few exceptions. A federal government website may have a mix of public domain and copyright-protected materials. First, some resources, as well as images, on the CDC and ATSDR websites are restricted in their use because they were developed by government contractors or grantees, or have been licensed by a third party. Second, the U.S. government work designation does not apply to works of state and local governments; works of state and local governments may be protected by copyright. Third, copyright laws also differ internationally. While U.S. federal copyright laws may not protect U.S. government works outside the United States, the work may still be protected under the copyright laws of other countries when used in these jurisdictions. Copyright-protected materials featured on the CDC and ATSDR websites should include a copyright statement. However, if in doubt, please write to the contact point for that site. The following requirements must be followed to utilize CDC’s public domain content: 1) Attribution to the agency that developed the material must be provided in your use of the materials. Such attribution should clearly state the materials were developed by CDC ATSDR and/or HHS (e.g., “Source: CDC”; “Materials developed by CDC”); 2) You must utilize a disclaimer which clearly indicates that your use of the material, including any links to the materials on the CDC, ATSDR or HHS websites, does not imply endorsement by CDC, ATSDR, HHS or the United States Government of you, your company, product, facility, service or enterprise. All such disclaimers must be prominently and unambiguously displayed (e.g., “Reference to specific commercial products, manufacturers, companies, or trademarks does not constitute its endorsement or recommendation by the U.S. Government, Department of Health and Human Services, or Centers for Disease Control and Prevention; 3) You may not change the substantive content of the materials; and 4) You must state that the material is otherwise available on the agency website for no charge. Note: Many of CDC’s on-line publications are continually updated as the agency learns more about a specific disease or condition. Occasionally, sites that copy and re-post CDC materials fail to check for updates, which may result in out-of-date information being offered to users. For that reason, we urge you to link directly to our resource documents rather than re-posting. If you do re-post, please check back periodically to see if there are revisions. Linking to CDC, ATSDR or HHS content should open up a new browser window to our site/page. CDC content should not appear within the original window, framed by the existing site.""",,,7.5 MB,v1
CDC,"Efficacy of Portable Air Cleaners and Masking for Reducing Indoor Exposure to Simulated Exhaled SARS-CoV-2 Aerosols — United States, 2021",DHHS - CDC - NIOSH,Department of Health and Human Services,Centers for Disease Control and Prevention - National Institute for Occupational Safety and Health,https://data.cdc.gov/National-Institute-for-Occupational-Safety-and-Hea/Efficacy-of-Portable-Air-Cleaners-and-Masking-for-/wtvk-6zfr/about_data,Harvard/BU CAFE,AC,8/11/2026,All Archiving Done,,Yes,https://dataverse.harvard.edu/dataset.xhtml?persistentId=doi:10.7910/DVN/Z7CBH8,,https://docs.google.com/document/d/1Ma5gu_rdf2bjXrEeu-Vx0xUntd_njhD8qsrNiHtLgYs/edit?usp=drive_link,9.1,MB,5/27/2025,Metadata not accessible; fixed today (NJY 8/11/2026),,Metadata_DHHS-CDC-NIOSH_EfficacyPortableAir_AC_20250509_v2.docx,Efficacy of Portable Air Cleaners and Masking for Reducing Indoor Exposure to Simulated Exhaled SARS-CoV-2 Aerosols,,"Extracted Data From: Efficacy of Portable Air Cleaners and Masking for Reducing Indoor Exposure to Simulated Exhaled SARS-CoV-2 Aerosols — United States, 2021","Health, Public Health, Structure",Airborne Disease; Environmental Health; Epidemiology; Exposure; Exposure Assessment; Health; Indoor Environment; Infectious Disease; Intervention Research; Public Health; Virus,"Medicine, Health and Life Sciences",https://data.cdc.gov/National-Institute-for-Occupational-Safety-and-Hea/Efficacy-of-Portable-Air-Cleaners-and-Masking-for-/wtvk-6zfr/about_data,5/7/2025,,"If you have questions about the underlying data stored here, please contact Health Effects Laboratory Division, Allergy and Clinical Immunology Branch at sa-cin-webteam@cdc.gov.


""SARS-CoV-2 can be spread by droplets and aerosols expelled by infected people when they cough, talk, sing, or exhale. To reduce exposure to these droplets and aerosols while indoors, CDC recommends measures including physical distancing, universal mask wearing, and room ventilation. Ventilation systems can be supplemented with portable air cleaners to remove infectious material from the air more quickly and provide greater protection. We conducted a case study using respiratory simulators to examine the efficacy of portable High Efficiency Particulate Air (HEPA) air cleaners and universal masking at reducing exposure to simulated exhaled aerosol particles from an infected meeting participant in a conference room. We found that, in a room with good air mixing, the use of two HEPA air cleaners meeting the EPA recommended Clean Air Delivery Rate (CADR) reduced the overall exposure by up to 65%, and that the combination of the HEPA air cleaners and universal masking reduced exposure by up to 90%. The air cleaners were most effective when they were close to the aerosol source. Our results demonstrate that portable HEPA cleaners can be an effective method to reduce exposure to airborne particles while meeting indoors, especially in combination with universal masking."" [Quote from https://data.cdc.gov/National-Institute-for-Occupational-Safety-and-Hea/Efficacy-of-Portable-Air-Cleaners-and-Masking-for-/wtvk-6zfr/about_data] > (2025-07-07)",,,"Other keywords to include: SARS-CoV-2, Air Cleaners, Masking.  Keywords in this document were added after the metadata was created.",National Institute for Occupational Safety and Health(CDC - Centers for Disease Control and Prevention),https://doi.org/10.7910/DVN/Z7CBH8,Ariel Chamberlain,5/9/2025,2021-01-01 to 2021-12-31,No,,,,"Terms and conditions were captured directly from the CDC Use of Agency Materials page (https://www.cdc.gov/other/agencymaterials.html) and are pasted below: ""Most of the information on the CDC and ATSDR websites is not subject to copyright, is in the public domain, and may be freely used or reproduced without obtaining copyright permission. There are, however, a few exceptions. A federal government website may have a mix of public domain and copyright-protected materials. First, some resources, as well as images, on the CDC and ATSDR websites are restricted in their use because they were developed by government contractors or grantees, or have been licensed by a third party. Second, the U.S. government work designation does not apply to works of state and local governments; works of state and local governments may be protected by copyright. Third, copyright laws also differ internationally. While U.S. federal copyright laws may not protect U.S. government works outside the United States, the work may still be protected under the copyright laws of other countries when used in these jurisdictions. Copyright-protected materials featured on the CDC and ATSDR websites should include a copyright statement. However, if in doubt, please write to the contact point for that site. The following requirements must be followed to utilize CDC’s public domain content: 1) Attribution to the agency that developed the material must be provided in your use of the materials. Such attribution should clearly state the materials were developed by CDC ATSDR and/or HHS (e.g., “Source: CDC”; “Materials developed by CDC”); 2) You must utilize a disclaimer which clearly indicates that your use of the material, including any links to the materials on the CDC, ATSDR or HHS websites, does not imply endorsement by CDC, ATSDR, HHS or the United States Government of you, your company, product, facility, service or enterprise. All such disclaimers must be prominently and unambiguously displayed (e.g., “Reference to specific commercial products, manufacturers, companies, or trademarks does not constitute its endorsement or recommendation by the U.S. Government, Department of Health and Human Services, or Centers for Disease Control and Prevention; 3) You may not change the substantive content of the materials; and 4) You must state that the material is otherwise available on the agency website for no charge. Note: Many of CDC’s on-line publications are continually updated as the agency learns more about a specific disease or condition. Occasionally, sites that copy and re-post CDC materials fail to check for updates, which may result in out-of-date information being offered to users. For that reason, we urge you to link directly to our resource documents rather than re-posting. If you do re-post, please check back periodically to see if there are revisions. Linking to CDC, ATSDR or HHS content should open up a new browser window to our site/page. CDC content should not appear within the original window, framed by the existing site.""",,,9.1 MB,"V1
V2 - updating keywords to be standardized, added Size"
CDC,Efficacy of universal masking for source control and personal protection from simulated respiratory aerosols in a room,DHHS - CDC - NIOSH,Department of Health and Human Services,Centers for Disease Control and Prevention - National Institute for Occupational Safety and Health,https://data.cdc.gov/National-Institute-for-Occupational-Safety-and-Hea/Efficacy-of-universal-masking-for-source-control-a/q8qz-3pb6/about_data,Harvard/BU CAFE,JK,8/11/2026,All Archiving Done,,Yes,https://dataverse.harvard.edu/dataset.xhtml?persistentId=doi:10.7910/DVN/BX3XRF,,https://docs.google.com/document/d/1hUwpESCzBj5vI1ES0h7Wnqhc3XqfGX4kuvciYyuIobk/edit?tab=t.0,1.5,MB,,Metadata not accessible; fixed today (NJY 8/11/2026),,Metadata_DHHS-CDC-NIOSH_EfficacyUniversalMasking_JK_20250415_v2.docx,Efficacy of universal masking for source control and personal protection from simulated respiratory aerosols in a room,,Extracted Data From: Efficacy of universal masking for source control and personal protection from simulated respiratory aerosols in a room,Health,Aeroallergens; Airborne Disease; Health; Infectious Disease,"Engineering; Medicine, Health and Life Sciences",https://data.cdc.gov/National-Institute-for-Occupational-Safety-and-Hea/Efficacy-of-universal-masking-for-source-control-a/q8qz-3pb6/about_data,4/15/2025,,"If you have questions about the underlying data stored here, please contact sa-cin-webteam@cdc.gov. If you have questions or recommendations related to this metadata entry and extracted data, please contact the CAFE Data Management team at: climatecafe@bu.edu.

""Masks block aerosols produced during coughs and exhalations (“source control”). Masks also slow and deflect cough and exhalation airflows, which changes the dispersion of aerosols. Factors such as the directions in which people are facing (orientation) and separation distance also affect aerosol dispersion. However, it is not clear how masking, orientation, and distance interact. We placed a respiratory aerosol simulator (“source”) and a breathing simulator (“recipient”) in a chamber and measured aerosol concentrations for different combinations of masking, orientation, and separation distance. When the simulators were front-to-front during coughing, masks reduced the 15-minute mean aerosol concentration at the recipient by 92% (p < 0.0001) at 0.9 and 1.8 m separation. When the simulators were side-by-side, masks reduced the concentration by 81% at 0.9 m and 78% at 1.8 m (p < 0.0001 for both). During breathing, masks reduced the aerosol concentration by 66% when front-to-front (p = 0.0056) and 76% when side-by-side (p < 0.0001) at 0.9 m. Similar results were seen at 1.8 m. When the simulators were unmasked, changing the orientations from front-to-front to side-by-side reduced the cough aerosol concentration by 59% at 0.9 m and 60% at 1.8 m (p < 0.0001 for both). When both simulators were masked, changing the orientations did not significantly change the concentration at either distance during coughing or breathing. Increasing the distance between the simulators from 0.9 m to 1.8 m during coughing reduced the aerosol concentration by 25% when no masks were worn (p < 0.0001) but had little effect when both simulators were masked (4% decrease, p = 0.7090). During breathing, when neither simulator was masked, increasing the separation reduced the concentration by 13%, which approached significance (p = 0.0737), while the change was not significant when both source and recipient were masked (8% decrease, p = 0.3235). Our results suggest that universal masking reduces exposure to respiratory aerosol particles regardless of the orientation and separation distance between the source and recipient."" [Quote from: https://data.cdc.gov/National-Institute-for-Occupational-Safety-and-Hea/Efficacy-of-universal-masking-for-source-control-a/q8qz-3pb6/about_data] (2025-04-15)",,"Yes - 
Universal-masking-Data-dictionary.pdf","Is Supplement To: William G. Lindsley, Donald H. Beezhold, Jayme Coyle, Raymond C. Derk, Francoise M. Blachere, Theresa Boots, Jeffrey S. Reynolds, Walter G. McKinney, Erik Sinsel, and John D. Noti. Efficacy of universal masking for source control and personal protection from simulated respiratory aerosols in a room. Journal of Occupational and Environmental Hygiene 18(8):409-422. doi 10.1080/15459624.2021.1939879 https://pubmed.ncbi.nlm.nih.gov/34161193/

Keywords added during the creation of this doc, not in the Dataverse entry","Department of Health and Human Safety (DHHS), National Institute for Occupational Safety and Health - Centers for Disease Control and Prevention (CDC - NIOSH)",https://doi.org/10.7910/DVN/BX3XRF,James Kitch,4/15/2025,2024-11-20 - 2024-11-20,No,,,,"Terms and conditions were captured directly from the CDC Use of Agency Materials page (https://www.cdc.gov/other/agencymaterials.html) and are pasted below: ""Most of the information on the CDC and ATSDR websites is not subject to copyright, is in the public domain, and may be freely used or reproduced without obtaining copyright permission. There are, however, a few exceptions. A federal government website may have a mix of public domain and copyright-protected materials. First, some resources, as well as images, on the CDC and ATSDR websites are restricted in their use because they were developed by government contractors or grantees, or have been licensed by a third party. Second, the U.S. government work designation does not apply to works of state and local governments; works of state and local governments may be protected by copyright. Third, copyright laws also differ internationally. While U.S. federal copyright laws may not protect U.S. government works outside the United States, the work may still be protected under the copyright laws of other countries when used in these jurisdictions. Copyright-protected materials featured on the CDC and ATSDR websites should include a copyright statement. However, if in doubt, please write to the contact point for that site. The following requirements must be followed to utilize CDC’s public domain content: 1) Attribution to the agency that developed the material must be provided in your use of the materials. Such attribution should clearly state the materials were developed by CDC ATSDR and/or HHS (e.g., “Source: CDC”; “Materials developed by CDC”); 2) You must utilize a disclaimer which clearly indicates that your use of the material, including any links to the materials on the CDC, ATSDR or HHS websites, does not imply endorsement by CDC, ATSDR, HHS or the United States Government of you, your company, product, facility, service or enterprise. All such disclaimers must be prominently and unambiguously displayed (e.g., “Reference to specific commercial products, manufacturers, companies, or trademarks does not constitute its endorsement or recommendation by the U.S. Government, Department of Health and Human Services, or Centers for Disease Control and Prevention; 3) You may not change the substantive content of the materials; and 4) You must state that the material is otherwise available on the agency website for no charge. Note: Many of CDC’s on-line publications are continually updated as the agency learns more about a specific disease or condition. Occasionally, sites that copy and re-post CDC materials fail to check for updates, which may result in out-of-date information being offered to users. For that reason, we urge you to link directly to our resource documents rather than re-posting. If you do re-post, please check back periodically to see if there are revisions. Linking to CDC, ATSDR or HHS content should open up a new browser window to our site/page. CDC content should not appear within the original window, framed by the existing site.""",,,1.5 MB,"V1
V2 - added size, fixed DOI and keywords"
EIA,Electricity Historical State Data,DOE - EIA,Department of Energy,Energy Information Administration,https://www.eia.gov/electricity/data/state/,EDGI,NJY / naomi.yoder@envirodatagov.org,8/17/2026,All Archiving Done,,Yes,https://doi.org/10.7910/DVN/NMP2U4,XLSX,https://docs.google.com/document/d/1crn9C3Rh6PycHsuG_GlBdiELi2PO2ctTDMmEkrP99GA/edit?tab=t.0,51.1,MB,3/13/2025,All files listed on this website,,metadata_DOE-EIA_ElectricityData_MZD_20250313_v1.docx,Electricity Historical State Data,,Replication Data for: EIA Electricity Historical State Data,Energy,,Business and Management; Earth and Environmental Sciences,https://www.eia.gov/electricity/data/state/,3/13/2025,,"Quoted from https://www.eia.gov/electricity/ (accessed 8/7/2026):
“Historical State-Level Survey Data 
State-level aggregations of average price, number of retail customers, retail sales, and revenue of electricity “

Size calculated from from the download button in Dataverse",,,,"Department of Energy (DOE), Energy Information Administration (EIA)",https://doi.org/10.7910/DVN/NMP2U4,"Marco Zaccaria Di Fraia; marco.z.difraia@gmail.com (metadata), 
naomi yoder (archivist)","2026-08-05 (metadata) 
2025-03-13 (archive)","This dataset aggregates multiple resources, covering different  time periods with different resolutions. 
For example: 
Net_generation_United_States_all_sectors_monthly_2001_2024.csv >>> Monthly, from Jan 2001 to Nov 2024 
HS861 1960-1989.xlsx, HS861 1990-2009.xlsx, … Yearly, per state. 
Etc. 
Overall 1960 seems to be the earliest date",No,,,,"Quoted from https://www.eia.gov/about/copyrights_reuse.php (accessed 8/7/2026):
“ Public domain and use of EIA content
U.S. government publications are in the public domain and are not subject to copyright protection. You may use and/or distribute any of our data, files, databases, reports, graphs, charts, and other information products that are on our website or that you receive through our email distribution service. However, if you use or reproduce any of our information products, you should use an acknowledgment, which includes the publication date, such as: ‘Source: U.S. Energy Information Administration (Oct 2008).’ “",,,51.1 MB,v1.0
EPA,EnergySTAR Product Comparison Tool,EPA,Environmental Protection Agency,,https://www.energystar.gov/productfinder/,PEDP Volunteer,Steve Hansen - steven.e.hansen@gmail.com,5/7/2026,All Archiving Done,Needs scripting,Yes,https://doi.org/10.7910/DVN/XPE2ZZ,,https://docs.google.com/document/d/1cBK7Ph567OIwo27REl0MIVc-eKxCpKFtx4DeNOC77vo/edit?usp=sharing,5,MB,3/7/2026,Dynamic EnergyStar web tool providing searchable access to product efficiency data through underlying API calls. Data are served in small paginated sets with no bulk download endpoint. Complete capture requires scripted API enumeration or browser automation to reproduce queries and retrieve full product listings.,,Metadata_EPA_EnergyStar_ProductComparisonTool_sh_20260307_v1.docx,EnergySTAR Product Comparison Tool,,Extracted data for EPA-EnergyStar Product Comparison Tool,"Energy, Public Health","Environmental health, public health",Business and Management; Engineering,https://www.energystar.gov/productfinder/advanced,3/7/2026,,"All EnergyStar product data. 
“Product Data Sets
In addition to the consumer product finders for ENERGY STAR certified models, EPA maintains 50+ related product data sets that are updated daily. The interface for these data sets allow users to generate a variety of reports, to create accounts for saving and sharing their work and to export data in a variety of different formats. EPA offers a guide on how to analyze these data sets and create data visualizations.” 
Quote from https://www.energystar.gov/productfinder/advanced
Keywords: Extracted data for EPA-EnergyStar Product Comparison Tool",No,,The mapping from product categories (e.g. Boilers) to the name of the data file in the outputs folder is contained in the file Product-to-id.txt,EPA,https://doi.org/10.7910/DVN/XPE2ZZ,"Steve Hansen, shansen5, steven.e.hansen@gmail.com",3/11/2026,3/6/2026,No,,,,https://www.energystar.gov/productfinder/advanced,,,missing,Version 1
EPA,Envirofacts GHG Search,EPA,Environmental Protection Agency,,https://enviro.epa.gov/envirofacts/ghg/search,EDGI,NJY / naomi.yoder@envirodatagov.org,5/7/2026,All Archiving Done,NO scripting needed,Yes,https://doi.org/10.5281/zenodo.19671410,XLSX,https://docs.google.com/document/d/1dhJrkft2l38PdM9Ans3vqI274QlcwRVVw0AXNT7PGoA/edit?usp=drive_link,9,GB,,"Seems like a huge search of many databases.  Subset of EnviroFacts database above?

GHG Search operates as a specialized interface of the EnviroFacts database, returning results through query-based dynamic pages. Exports are limited to small subsets in XLSX format, requiring scripted pagination to archive all facility data. High complexity due to lack of bulk download and reliance on dynamic queries.

GHG Search is a front-end to the GHGRP database within EnviroFacts. While it operates dynamically and limits query size, identical data are published as bulk ZIP archives by the GHGRP program. For archiving purposes, capturing the bulk files is preferable, so scripting this interface is unnecessary. ",,metadata_EPA_Envirofacts_GHGSearch_njy_20260420_v1.docx,EPA GHG Search (Envirofacts),,Extraction Data From:  EPA Greenhouse Gas (GHG) Search in Envirofacts,"Atmospheric, Climatology/Climate Change, Economy, Environment, Pollution",,,https://enviro.epa.gov/envirofacts/ghg/search,3/2/2026,,"“In response to the FY2008 Consolidated Appropriations Act (H.R. 2764; Public Law 110--161), EPA launched the Greenhouse Gas Reporting Program (GHGRP). The program requires annual reporting of greenhouse gas (GHG) data and other relevant information from large direct emissions sources and suppliers of certain fossil fuels and industrial gases in the United States.
The purpose of the GHGRP is to provide accurate and timely GHG data to inform the public, policy makers and other interested parties. The data will help the public better understand emissions from specific industries, emissions from individual facilities, factors that influence greenhouse gas emission rates, and actions that facilities could take to reduce emissions. In general, facilities that directly emit 25,000 metric tons of carbon dioxide equivalent or more per year are required to submit annual reports to EPA. In addition, suppliers of certain products that would result in GHG emissions if released, combusted or oxidized are required to report.
Data collection began in 2010 for most reporting entities. In 2011, an additional 12 GHG source categories began collecting data and reported to EPA for the first time in 2012. This program requires that certain sources monitor and report GHG information to EPA annually. It does not require control of greenhouse gases.
Envirofacts currently contains publicly available GHG data reported for all reporting years from the following industry types: Stationary Fuel Combustion (C), Electricity Generation (D), Aluminum Production (F), Ammonia Manufacturing (G), Cement Production (H), Electronics Manufacturing (I), Ferroalloy Production (K), Glass Production (N), Hydrogen Production (P), Iron and Steel Production (Q), Lead Production (R), Lime Manufacturing (S non-CEMS), Magnesium Production (T), Miscellaneous Uses of Carbonates (U), Nitric Acid Production (V), Petroleum and Natural Gas Systems (W), Petrochemical Production (X), Petroleum Refineries (Y), Phosphoric Acid Production (Z), Pulp and Paper Manufacturing (AA), Use of Electric Transmission and Distribution Equipment (DD), Titanium Dioxide Production (EE), Underground Coal Mines (FF), Zinc Production (GG), Municipal Solid Waste Landfills (HH), Industrial Wastewater Treatment (II), Suppliers of Natural Gas and Natural Gas Liquids (NN), Suppliers of Carbon Dioxide (PP), Manufacture of Electric Transmission and Distribution Equipment (SS), Industrial Waste Landfills (TT), and Injection of Carbon Dioxide (UU).
Envirofacts will be updated to add 2010 and 2011 GHG data from Suppliers of Petroleum Products (MM) in the coming months. GHG data from this industry is available for 2012 and 2013 through Envirofacts.
Data reported by facilities in the following industry types is not available through Envirofacts. To download data submitted by reporters in these industries, click here. Adipic Acid Production (E), HCFC-22 Production and HFC-23 Destruction (O), Lime Manufacturing (S - CEMS), Silicon Carbide Production (BB), Soda Ash Manufacturing (CC), and Suppliers of Coal-based Liquid Fuels (LL).
The Search and Customized Search can be used to locate information on the following greenhouse gases:
Carbon Dioxide (CO2) is a naturally occurring gas and is a by-product of burning fossil fuels and biomass, as well as land-use changes and other industrial processes. It is the principal anthropogenic greenhouse gas that affects the Earth's radiative balance. It is the reference gas against which other greenhouse gases are measured and therefore has a Global Warming Potential of 1.
Nitrous Oxide (N2O) is a powerful greenhouse gas with a global warming potential of 265 times that of carbon dioxide (CO2). Major sources of nitrous oxide include soil cultivation practices, especially the use of commercial and organic fertilizers, fossil fuel combustion, nitric acid production, and biomass burning.
Methane (CH4) is a hydrocarbon and a greenhouse gas with a global warming potential of 25. Methane is produced through anaerobic (without oxygen) decomposition of waste in landfills, animal digestion, decomposition of animal wastes, production and distribution of natural gas and petroleum, coal production, and incomplete fossil fuel combustion.
Sulfur Hexafluoride (SF6) is a man-made chemical composed of sulfur and fluorine with a global warming potential of 22,800. It is a colorless gas soluble in alcohol and ether, slightly soluble in water. Sulfur hexafluoride is a very powerful greenhouse gas used primarily in electrical transmission and distribution systems and as a dielectric in electronics.
Perfluorocarbons (PFCs) are a type of greenhouse gas. PFCs are a group of man-made chemicals composed of carbon and fluorine only. These chemicals were introduced as alternatives, along with hydrofluorocarbons, to the ozone depleting substances. PFCs are emitted as by-products of industrial processes and are also used in manufacturing. PFCs do not harm the stratospheric ozone layer, but they are powerful greenhouse gases.
Hydrofluorocarbons (HFCs) are a type of greenhouse gas. Hydrofluorocarbons are compounds that contain only hydrogen, fluorine, and carbon atoms. They were introduced as alternatives to ozone depleting substances in serving many industrial, commercial, and personal needs. HFCs are emitted as by-products of industrial processes and are also used in manufacturing. They do not significantly deplete the stratospheric ozone layer, but they are powerful greenhouse gases.” - Quoted from https://www.epa.gov/enviro/greenhouse-gas-overview (accessed 4/16/2026).  
Note that above, the EPA website does not currently list the GWP (Global Warming Potential) of any of the more potent gases than CO2.  
The files are organized by Subpart (listed above), and all of the Subpart folders were downloaded via the Query Builder section of the GHG Search page.  (https://enviro.epa.gov/query-builder/ghg). These files all pertain to the range of reporting years from 2010 to 2023.  The Search User Guide (https://www.epa.gov/enviro/greenhouse-gas-search-user-guide) was accessed 4/16/2026 and is included herein as a PDF.  For year-specific files, see the files beginning in “GHGRP”.
The “geospatial” zip file contains files from national and state specific downloads, accessed from: https://www.epa.gov/frs/geospatial-data-download-service .",No,Yes - “Search User Guide”,Downloads were completed over time from 3/2/26 - 3/26/26,Environmental Protection Agency (EPA),https://doi.org/10.5281/zenodo.19671410,"naomi yoder, Environmental Data and Governance Initiative / Public Environmental Data Partners, naomi.yoder@envirodatagov.org (RocketChat handle @naomi)",4/16/2026,2010 - 2025,Yes (Partial),Decimal degrees,kml,State and national files,"“Copyright Status
The U.S. Government retains a nonexclusive, royalty-free license to publish or reproduce these documents, or allow others to do so, for U.S. Government purposes. These documents may be freely distributed and used for non-commercial, scientific and educational purposes. Commercial use of the documents available from the EPA websites may be protected under the U.S. and Foreign Copyright Laws. Individual documents on the EPA website may have different copyright conditions, and that will be noted in those documents.
Disclaimer of Liability
With respect to documents available from the EPA website, neither the United States Government nor any of their employees, makes any warranty, express or implied, including the warranties of merchantability and fitness for a particular purpose, or assumes any legal liability or responsibility for the accuracy, completeness, or usefulness of any information, apparatus, product, or process disclosed, or represents that its use would not infringe privately owned rights.” - quoted from https://www.epa.gov/web-policies-and-procedures/epa-disclaimers (accessed 4/16/2026)",,,missing,v.1
EPA,EPA Get Data: Access Public ATTAINS Data,EPA,Environmental Protection Agency,,https://www.epa.gov/waterdata/get-data-access-public-attains-data,PEDP Volunteer,Joerg Rings (joergr),8/20/2026,All Archiving Done,Needs scripting,,https://dataverse.harvard.edu/dataset.xhtml?persistentId=doi:10.7910/DVN/W9A7A3,,https://docs.google.com/document/d/14LEYk9Al_XQyltMZ8C3LBZnGERur9hBbQf2Nzei93cY/edit?tab=t.0,3,GB,3/7/2026,"Metadata not in final folder (NJY 8/11/26).  ATTAINS provides programmatic access to water quality assessment data through documented REST endpoints. While CSV summaries exist, the API must be scripted for a complete archive due to pagination and state-level segmentation. Moderate complexity—well-documented, but not bulk-downloadable.",,metadata_EPA_ATTAINS_JR_20260309_v2.docx,"EPA [Environmental Protection Agency]
Assessment Total Maximum Daily Load (TMDL) Tracking and Implementation System (ATTAINS)",ATTAINS,Extracted Data From:  EPA Dataset ATTAINS,"Environment, Pollution","Environment, Water Quality",Earth and Environmental Sciences,https://www.epa.gov/waterdata/get-data-access-public-attains-data,3/7/2026,,"“The Assessment, Total Maximum Daily Load (TMDL) Tracking and Implementation System (ATTAINS) is an online system for accessing information about the conditions in the Nation’s surface waters.

The Clean Water Act requires states, territories and authorized tribes (states for brevity) to monitor water pollution and report to EPA every two years on the waters they have evaluated. This process is called assessment. Part of this process is deciding which waters do not meet water quality standards because they are too polluted. These degraded waters are called impaired (polluted enough to require action) and are placed on a State list for future actions to reduce pollution.

This information reported to EPA by states is available in ATTAINS. The public information is made available via ATTAINS web services, geospatial services, as well as through other EPA tools.” Description from https://www.epa.gov/waterdata/attains (retrieved March 9th, 2026)

No further documentation or data dictionary was found. More notes in README.md","Yes, README.md",,,EPA – Environmental Protection Agency,https://doi.org/10.7910/DVN/W9A7A3,"Joerg Rings (joergr, mail@joergrings.com)",3/9/2026,2010-01-01 - 2026-03-07,No,,,,"Under Open Data License, https://edg.epa.gov/epa_data_license.html (retrieved March 8th 2026)",N/A,N/A,3 GB,"Version 1: Initial
V2 - added size"
CEQ,Federal Scope 3 Greenhouse Gas Emissions Inventory Dashboard,CEQ,Council on Environmental Quality,Office of the Federal Chief Sustainability Officer,https://www.sustainability.gov/federal-scope-3-emissions-inventory.html,EDGI,EN,4/24/2026,"All Archiving Done, Removed",,Yes,https://doi.org/10.5281/zenodo.14799092,"XLSX, CSV",https://docs.google.com/document/d/1JHM_Qr3YGdPq6AeLEmllabKpawVy52fQsgp-FiiIF5w/edit?usp=drive_link,1,MB,,"There's a download button, interested in both agency and category views, plus the calculation methods on the 'Details' page.  less than 1MB",,metadata_CEQ_FedScope3FYs2223_EN_20250204_V3.docx,Federal Scope 3 Greenhouse Gas Emissions Inventory,,US Federal Agency Scope 3 Greenhouse Gas Emissions FYs 2022 and 2023,"Environment, Fossil Fuels, Pollution",,,https://www.sustainability.gov/federal-scope-3-emissions-inventory.html,2/3/2025,,"This tool displays Scope 3 emissions by agency, category, and sub-category for FY22 and FY23.",,,,"Office of the Federal Chief Sustainability Officer, Council on Environmental Quality (CEQ)",https://doi.org/10.5281/zenodo.14799092,Eric Nost,2/4/2025,"Fiscal Years 2022 and 2023 (2021-10-01 through 2022-09-30, 2022-10-01 through 2023-09-30)",No,missing,missing,missing,Additional archive at: https://www.sustainability.gov/archive/biden46/federal-scope-3-emissions-inventory.html,,,1 MB,"V2 - added metadata file, updated title
V3 - added Size category"
CDC,Firearm Mortality by State,DHHS - CDC,Department of Health and Human Services,Centers for Disease Control and Prevention,https://www.cdc.gov/nchs/pressroom/sosmap/firearm_mortality/firearm.htm or https://www.cdc.gov/nchs/state-stats/deaths/firearms.html?CDC_AAref_Val=https://www.cdc.gov/nchs/pressroom/sosmap/firearm_mortality/firearm.htm,Harvard/BU CAFE,UV,8/11/2026,All Archiving Done,,Yes,https://dataverse.harvard.edu/dataset.xhtml?persistentId=doi:10.7910/DVN/T7B1DG,CSV,https://docs.google.com/document/d/1jaPd2_cSxOHe0dVTk-TsyY2ZkVpZR951BMqC0DyA7S8/edit?usp=drive_link,2.6,MB,3/31/2025,"Metadata not accessible; fixed today (NJY 8/11/2026).  The first source link displays a ""this page has been moved"" sign, not sure if anything else has changed",,Metadata_DHHS-CDC_Firearm Mortality_UV_20250321_v2.docx,Firearm Mortality by State,,Extracted Data From: Firearm Mortality by State,Public Health,Behavioral and Social Sciences Research; Mortality; Public Health,"Medicine, Health and Life Sciences; Social Sciences",https://www.cdc.gov/nchs/pressroom/sosmap/firearm_mortality/firearm.htm,3/21/2025,,"This submission includes publicly available data extracted in its original form. Please reference the Related Publication listed here for source and citation information: Centers for Disease Control and Prevention, National Center for Health Statistics. National Vital Statistics System, Mortality 2018-2023 on CDC WONDER Online Database, released in 2024.

If you have questions about the underlying data stored here, please call 301-458-4800 or e-mail at paoquery@cdc.gov. If you have questions or recommendations related to this metadata entry and extracted data, please contact the CAFE Data Management team at: climatecafe@bu.edu.

""Number of deaths and age-adjusted death rates from firearm-related fatalities. States are categorized from highest rate to lowest rate. Although adjusted for differences in age-distribution and population size, rankings by state do not take into account other state specific population characteristics that may affect the level of mortality. When the number of deaths is small, rankings by state may be unreliable due to instability in death rates."" This dataset includes firearms mortality by state and year from 2005 to 2022. Taken from ""Stats of the States"", NCHS.
[Quote from: https://www.cdc.gov/nchs/pressroom/stats_of_the_states.htm] (2025-03-21)",No,No,"Cites: Centers for Disease Control and Prevention, National Center for Health Statistics. National Vital Statistics System, Mortality 2018-2023 on CDC WONDER Online Database, released in 2024.   Keywords added at the time of metadata creation, not included in the Dataverse submission.","(DHHS-CDC) Department of Health and Human Services, Centers for Disease Control and Prevention - National Center for Health Statistics",https://doi.org/10.7910/DVN/T7B1DG,Urvi Vinod,3/21/2025,Start Date: 2005-01-01; End Date: 2022-12-31,No,,,,"Terms and conditions were captured directly from CDC and are pasted below: ""The information provided using this website is only intended to be general summary information to the public. It is not intended to take the place of either the written law or regulations.""",,,2.6 MB,"V1
V2 - added Keywords, DOI link and size"
Census,Geo Directory from the FTP site (all TIGER and other geo),DOC - Census,Department of Commerce,US Census Bureau,https://www2.census.gov/geo/,EDGI,Tom B / NJY naomi.yoder@envirodatagov.org,4/14/2026,All Archiving Done,,Yes,https://sciop.net/datasets/census-geo-feb2026,,https://docs.google.com/document/d/1_RdpL_E73irUEAKDvB2fT0lgdT7XXtEuUGbFjfT9NZw/edit?tab=t.0,2.7,TB,,,,metadata_DOC-Census_Geo_tb_njy_20260401_v1.docx,US Census Files from FTP “Geo” or TIGER Folder,,"Extracted Data From:  DOC-Census (Department of Commerce, Census Bureau) All “Geo” or TIGER Files","Demographics, Geoscientific Information, Society",,,https://www2.census.gov/geo/,1/30/2026,,"“Geography is central to the work of the Census Bureau, providing the framework for survey design, sample selection, data collection, tabulation, and dissemination. Geography provides meaning and context to statistical data.
Given the diversity of our population, our economic activities, and our geographic areas, use of the latest and best geographic methodologies is critical to the Census Bureau’s ability to serve as the leading provider of statistical and geospatial data. Our geographic area concepts, information, and statistical data must keep pace with the needs of the researchers and analysts who work to understand the changing distribution and characteristics of our people, places and economy.		
Who We Are
Geographers, Cartographers, Statisticians, and Information Technology Specialists		
What We Do
Develop criteria to define geographic areas
Work with partners
to collect geographic data about their boundaries including annexations
to ensure we have the most up to date geographic and address data
to develop tools for more efficient ways to share data
to share best practices
Maintain a large spatial database with spatial data for the United States, Puerto Rico, and the Island Areas
Create reference and thematic maps to support censuses and surveys
Develop standards and manage governmental units, administrative, and statistical boundary data to meet obligations to the Federal Geographic Data Committee (FGDC)
Digitize spatial updates to the MAF/TIGER system
Process and geocode millions of addresses in our Master Address File (MAF)
Develop quality measures and assess the quality of our geographic and address data
Conduct research on geographic and address topics
Develop programs to automatically enforce geographic rules, create products, geocode address lists, and create maps
Create tools to visualize geographic data”
- Quoted from https://www.census.gov/programs-surveys/geography/about.html , accessed 4/14/2026
Full dataset is 2.6 TB for download.",,,Download was achieved over a course of time from 2026-01-30 to 2026-03-05,"Department of Commerce, US Census Bureau (DOC - Census)",https://sciop.net/datasets/census-geo-feb2026,"Tom Beebe, (RocketChat handle @tbeebe)",4/1/2026,1992-01-01 to 2025-12-31,Yes,"Datum:  NAD27, NAD83, various coordinate systems used",Shapefiles,Address locations files that are indexed to the shapefiles,"“Our mission is to serve as the nation's leading provider of quality data about its people and economy. We couldn’t produce this information without you.
We call our approach to maintaining your trust “Data Stewardship.”
Being responsible stewards of your data is not only required by law, it’s embedded in our culture.
Our Data Stewardship program includes ongoing training, accountability and the lifetime oath each of us swears to keep your information confidential. Our Data Stewardship Executive Policy Committee oversees these activities, setting the rules and policies all staff must follow.
The Law Protects Your Information
By law, your information is confidential. Your answers cannot be used against you by any government agency or court. The law is found in Title 13 of the U.S. Code. Anyone who violates this law faces severe penalties.
Our Privacy Principles Guide Our Work
Our privacy principles guide our actions so that we respect your privacy and protect your confidentiality. The principles are--necessity, openness, respect and confidentiality. See how these principles drive decisions throughout the survey lifecycle.
We Use Cutting-Edge Safeguards to Protect Your Identity
We do not identify individuals in the data we publish. We only publish statistics. Our policies and statistical safeguards help us ensure the confidentiality of your information. Our Disclosure Review Board verifies that any data product we release meets our confidentiality standards.
Secure Technology
Our IT systems are designed to defend against and contain cyberthreats. From the beginning of the data collection process through the final storage of information, we protect your data following industry best practices and federal requirements. We use data encryption and two forms of authentication to secure system access. The security of our systems is a top priority, and we continually refine our approach to address emerging threats and position ourselves to identify, prevent, detect, respond to and recover from possible cyberthreats.” - Quoted from https://www.census.gov/about/policies/privacy/data_stewardship.html, accessed 04/14/2026",,,missing,V.1 - 4/14/2026 metadata prepared by naomi yoder (naomi.yoder@envirodatagov.org)
NOAA,Global Trends in Atmospheric Carbon Dioxide,DOC - NOAA,Department of Commerce,National Oceanic and Atmospheric Administration,https://gml.noaa.gov/ccgg/trends/global.html,EDGI,NJY / naomi.yoder@envirodatagov.org,7/20/2026,All Archiving Done,,Yes,https://zenodo.org/records/21383073,,https://docs.google.com/document/d/1xZq-b9FYyMTHuSmkIf3K5VUZLX3liAEtGEPY6W9ksTE/edit?tab=t.0,6.7,GB,,"This page presents 4 different GHG, this item refers exclusively to the CO2 information (all 4 gases info downloaded)
",,metadata_DOC-NOAA_GlobalTrendsCO2a_njy_20260330_v1.docx,"Carbon Cycle Greenhouse Gases >> Trends in CO2.  Trends in CO2, CH4, N2O, SF6",,"Extracted Data from: NOAA Global MonitoringLaboratory, Trends in Greenhouse Gases and Atmospheric Carbon Dioxide","Atmospheric, Climatology/Climate Change, Environment, Geoscientific Information, Pollution",,,https://gml.noaa.gov/ccgg/trends/global.html,9/25/2025,,"The data are from four greenhouse gases: carbon dioxide (CO2), methane (CH4), nitrogen dioxide (N2O), and sulfur hexaflouride (SF6), and cover various timescales for each gas.  The longest time series is for carbon dioxide, at the Mauna Loa observatory (i.e., the Keeling Curve).  The README has extensive citations and data provenance information.",Yes,,Downloads over a period of time from 9/25/2025 to 10/9/2025,"Department of Commerce, National Oceanic and Atmospheric Administration, (DOC - NOAA)",https://doi.org/10.5281/zenodo.21383072,"naomi yoder, Environmental Data and Governance Initiative / Public Environmental Data Partners, naomi.yoder@envirodatagov.org (RocketChat handle @naomi)",7/15/2026,05-01-1958 to 09-25-2025,No,,,,"Quoted from https://gml.noaa.gov/ccgg/trends/data.html (accessed 7/15/2026):
“How to reference content from this page
Dr. Xin Lan, NOAA/GML (gml.noaa.gov/ccgg/trends/) and Dr. Ralph Keeling, Scripps Institution of Oceanography (scrippsco2.ucsd.edu/). 		
Contact
Xin Lan, NOAA/GML, xin.lan@noaa.gov 		 	
Further Reading	
C.D. Keeling, R.B. Bacastow, A.E. Bainbridge, C.A. Ekdahl, P.R. Guenther, and L.S. Waterman, (1976), Atmospheric carbon dioxide variations at Mauna Loa Observatory, Hawaii, Tellus, vol. 28, 538-551
K.W. Thoning, P.P. Tans, and W.D. Komhyr, (1989), Atmospheric carbon dioxide at Mauna Loa Observatory 2. Analysis of the NOAA GMCC data, 1974-1985, J. Geophys. Research, vol. 94, 8549-8565
Etheridge, D. M., L. P. Steele, R. L. Langenfelds, R. J. Francey, J.-M. Barnola, and V. I. Morgan, (1996), Natural and anthropogenic changes in atmospheric CO2 over the last 1000 years from air in Antarctic ice and firn, J. Geophys. Res., 101(D2), 4115–4128, doi:10.1029/95JD03410.”",,,missing,v.1
BOEM,GOAR Geographic Information System (GIS) Data and Maps,DOI - BOEM,Department of the Interior,Bureau of Ocean Energy Management,https://www.boem.gov/oil-gas-energy/mapping-and-data/goar-geographic-information-system-gis-data-and-maps,EDGI,NJY / naomi.yoder@envirodatagov.org,4/23/2026,All Archiving Done,ArcGIS,Yes,https://doi.org/10.5281/zenodo.17823084,,https://docs.google.com/document/d/1jRJUUqwjSNHvn9UhnrQiEQMvGFtEOU2WXex3Ys7ma74/edit?tab=t.0,8.3,GB,10/2/2025 - 12/5/2025,Some of this is GIS maps and files; some of it is GIS tools and ArcGIS.  ,,Metadata_DOI-BOEM_GOARDataGIS_njy_20251204_v3.docx,GOAR Geographic Information System (GIS) Data and Maps,,Replication Data for: DOI-BOEM GOAR GIS Data and Maps,"Energy, Environment, Fossil Fuels, Geoscientific Information, Oceans, Planning/Cadastre",,,https://www.boem.gov/oil-gas-energy/mapping-and-data/goar-geographic-information-system-gis-data-and-maps,10/2/2025,,"Replication of data for the US Department of the Interior, Bureau of Ocean Energy Management (DOI-BOEM) Gulf of Mexico Regional (Gulf of America Regional - GOAR) Geographic Information Systems (GIS) Data and Maps.  

Quoted from the original page:  https://www.boem.gov/oil-gas-energy/mapping-and-data/goar-geographic-information-system-gis-data-and-maps (accessed 12/4/2025) - 

“The Mapping & Boundary Branch performs mathematical offshore boundary location computations and prepares Official Protraction Diagrams (OPDs) and Leasing Maps (LMs), and Supplemental Official OCS Block Diagrams (SOBDs) depicting OCS Block information, the Submerged Lands Act Boundary (aka - State Seaward Boundary), Limit of ""8(g) Zone"", the Continental Shelf Boundary (CSB) which marks the limit of U.S. jurisdiction for offshore mineral development, and corresponding area measurements. 
For clarification of Acronyms, see Codes and Abbreviations for Map/OPD/Area. The analytical procedures employed and the computer programs utilized to perform various offshore boundary geometric computations are described in OCS Report MMS 99-0006.”
This information and the full landing page are also available in the archive at <GOAR Geographic Information System (GIS) Data and Maps _ Bureau of Ocean Energy Management.pdf>.
Additional datasets not catalogued in the BOEM_GOAR_Data_Catalog are from the “Maps and GIS Data” links (https://www.boem.gov/oil-gas-energy/mapping-and-data):
Marine Cadastre (subset from Ocean Reports)
Ocean Reports (includes data from other agencies): https://marinecadastre.gov/oceanreports/#/@-10785379.929351171,4856714.592364172/4/eyJ0IjoibSIsImIiOiIiLCJmIjowLCJzIjowLCJhIjoiIiwibCI6W119 <Metadata and Downloads>
Renewables (https://www.boem.gov/renewable-energy/mapping-and-data)
BOEM Offshore block grids, boundaries, active leases, wells, pipelines
These datasets were downloaded and added to the archive as of 2025-12-05.
Scripts used in downloads and cataloguing are at: https://github.com/Public-Environmental-Data-Partners/scripts/tree/main/oneTimeHacks/BOEM",Yes - tab in BOEM_GOAR_Data_Catalog.xlsx,No,"Data downloaded over a span of days 2025-10-02 to 2025-10-06, and again on 2025-12-04","Department of the Interior, Bureau of Ocean Energy Management (DOI-BOEM)",https://doi.org/10.5281/zenodo.17823084,"naomi yoder, Environmental Data and Governance Initiative / Public Environmental Data Partners, naomi.yoder@envirodatagov.org (RocketChat handle @naomi, GitHub username @naomi-yoder)",12/4/2025,Varies; 2001-01-01 - 2025-10-02,Yes - partially,"Varies - generally NAD 1927 (EPSG: 4267), NAD 1983 (EPSG: 4269) or WGS 1984 (EPSG: 4326)","Varies; geodatabases (*.gdb), shapefiles, ArcGIS files (*.e00), ArcGIS REST Service files",Attributes overview listed in BOEM_GOAR_Data_Catalog.xlsx; metadata for each spatial file in metadata_GOAR_GIS_BOEM.zip file,"Quoted from https://www.boem.gov/about-boem/copyright-restrictions-and-permissions (accessed 12/4/2025):
“The Bureau of Ocean Energy Management and the Department of the Interior make no claims, promises or guarantees about the accuracy, completeness, or adequacy of the contents of this website and expressly disclaims liability for errors and omissions in the contents of this website. No warranty of any kind, implied, expressed or statutory, including but not limited to the warranties of non-infringement of third party rights, title, merchantability, fitness for a particular purpose and freedom from computer virus, is given with respect to the contents of this website or its hyperlinks to other Internet resources. Reference in this website to any specific commercial products, processes, or services, or the use of any trade, firm or corporation name is for the information and convenience of the public, and does not constitute endorsement, recommendation, or favoring by BOEM or the Department of the Interior.”","Quoted from: https://www.boem.gov/about-boem/disclaimer-liability-and-endorsement (accessed 12/4/2025):
“Information presented on this website is considered public information and may be distributed or copied. Use of appropriate byline/photo/image credit is requested. We strongly recommend that the Bureau data be acquired directly from a Bureau server and not through other sources that may change the data in some way.
While the Bureau of Ocean Energy Management strives to make the information on this website as timely and accurate as possible, the Agency makes no claims, promises, or guarantees about the accuracy, completeness, or adequacy of the contents of this site, and expressly disclaims liability for errors and omissions in the contents of this site. No warranty of any kind, implied, expressed, or statutory, including but not limited to the warranties of non-infringement of third party rights, title, merchantability, fitness for a particular purpose or freedom from computer virus, is given with respect to the contents of this website or its links to other Internet resources.
Reference in this site to any specific commercial product, process, or service, or the use of any trade, firm or corporation name is for the information and convenience of the public, and does not constitute endorsement, recommendation, or favoring by BOEM or by the Department of the Interior.”",missing,missing,"V3 - updating all the dates, adding GitHub - 2026-01-07
V2 - adding some files that were inadvertently left off (Marine Cadastre, Renewables) - 2025-12-05
v1"
DOE,"GREET models (Greenhouse gases, Regulated Emissions, and Energy use in Technologies)",DOE - OEERE,Department of Energy,Office of Energy Efficiency and Renewable Energy,https://www.energy.gov/eere/greet,EDGI,NJY / naomi.yoder@envirodatagov.org,5/6/2026,All Archiving Done,,Yes,https://doi.org/10.5281/zenodo.18356893,XLSM,https://docs.google.com/document/d/1_xmpqJaHyt6GLPGsrHhOhIiQPKamOsWFZb1sCl2xVoM/edit?tab=t.0,1.6,GB,,"The ""models"" here appear to all be downloadable Excel spreadsheets with some supplemental data files. The dataset would be the scraped set of pages (html and pdf), the spreadsheets, and  supplemental data. Might be beneficial to organize into folders.  Please download all GREET versions (R&D, 40BSAF-GREET, 45VH2-GREET, 45ZCF-GREET,  CA-GREET4.0, ICAO-GREET). Metadata: https://www.energy.gov/eere/rd-greet-life-cycle-analysis-model#one",,Metadata_DOE_GREET_njy_20260123_v1.docx,Office of Critical Minerals and Energy Innovation > GREET,,Replication Data for: DOE GREET Models and Data,"Atmospheric, Climatology/Climate Change, Economy, Energy",,,https://www.energy.gov/cmei/greet,10/6/2026,,"Quoted from the original:  https://www.energy.gov/cmei/greet (accessed 1/23/2026) - 
“The Department of Energy (DOE) developed the GREET® (Greenhouse gases, Regulated Emissions, and Energy use in Technologies) life cycle analysis to assess the environmental impacts associated with technologies, fuels, products, and energy systems across various stages of the supply chain. 
For any given energy or transportation system, GREET can calculate: 
Total energy consumption (non-renewable and renewable) 
Fossil fuel energy use (petroleum, natural gas, coal)
Greenhouse gas emissions 
Air pollutant emissions 
Water consumption.
The Argonne National Laboratory R&D GREET Model is used to evaluate energy use and emissions output of transportation and energy sector technologies to assess research and development progress and inform RD&D direction.
R&D GREET is available both as a Microsoft Excel file as well as a .NET tool.
BACKGROUND
The GREET suite of models was developed by Argonne National Laboratory (Argonne) in 1994, with the first version released in 1995. Its development and applications have been an integral part of DOE’s RD&D efforts to pursue energy and material technologies for energy efficiency, affordability, and environmental sustainability.
USE CASES
GREET models are developed for specific use cases, aiming to guide decision-making, research and development, and regulations related to the transportation and energy sectors.
Users are responsible for ensuring they have selected the correct model for their intended purpose. Stakeholders seeking a GREET model for purposes of compliance with a given regulatory program should review guidance specific to that program to ascertain the appropriate version of GREET to use.
For example, annual releases of R&D GREET are comprehensive in order to inform the life cycle analysis technical community and elicit stakeholder feedback. R&D GREET may not be the version of GREET adopted by independent regulatory programs (e.g., tax credits). 
Learn to use the GREET Model for Emissions Life Cycle Analysis in our H2IQ Hour webinar. 
Access additional GREET resources from Argonne.”",No,No,"Dates for download:  most of the files were downloaded 10/6/2025, but a few were downloaded 1/23/2026",Department of Energy (DOE),https://doi.org/10.5281/zenodo.18356893,"naomi yoder, Environmental Data and Governance Initiative / Public Environmental Data Partners, naomi.yoder@envirodatagov.org (RocketChat handle @naomi, GitHub username @naomi-yoder)",1/23/2026,2023 - 2025,No,,,,"Quoted from https://www.energy.gov/web-policies , 1/23/2026:
“Copyright, Restrictions and Permissions Notice
Government information at DOE websites is in the public domain. Public domain information may be freely distributed and copied, but it is requested that in any subsequent use the Department of Energy be given appropriate acknowledgement. When using DOE websites, you may encounter documents, illustrations, photographs or other information resources contributed or licensed by private individuals, companies or organizations that may be protected by U.S. and foreign copyright laws. Transmission or reproduction of protected items beyond that allowed by fair use as defined in the copyright laws requires the written permission of the copyright owners.
Images on our website which are in the public domain may be used without permission. If you use images from our website, we ask that you credit ""U.S. Department of Energy"" as the source. Please note that some images on our site may have been obtained from other organizations. Permission to use these images should be obtained directly from those organizations.
DOE websites have links to many other websites. Once you access another site through a link that we provide, you are subject to the copyright and licensing restrictions of the new site.
Document Inventory and Schedule
The U.S. Department of Energy (DOE) developed this inventory of the energy.gov website content as required by Section 207(f)(2) of the E-Government Act of 2002. This inventory will be expanded and/or refined as needed depending on the information needs of our visitors.
In preparing this inventory, DOE has reviewed information collected as part of the redesign process for ENERGY.gov completed in June 2003, including citizen comments via e-mail, focus groups and usability tests; current website statistics indicating usage of existing content; and related information developed through the Information Quality Guidelines process (per Section 515 of Public Law 106-554, known as the Data Quality Act).
To provide comments or suggestions on this inventory, please send an email to the DOE Webmaster at DOE.Webmaster@hq.doe.gov.
For more information about the web content inventory and the E-Gov Act, please visit these links:
Summary of Requirements from the Federal Web Content Managers Toolkit
Section 207 of the E-Gov Act
Linking Policy
For Visitors to Our Websites
Hyperlinks to a website are only allowed if the website is sponsored, supported or partnered with by DOE; is educational in nature; or is another government web site, including those sites sponsored by state or local governments.
DOE will not allow any hyperlinks to any websites that advocate hate, bias or discrimination, or which contains information or hyperlinks associated with partisan political activity.
Links may be made to our website from other personal and organizational web pages. We request that you link to our site rather than downloading portions of it to another web server, so that our viewers will see our most up-to-date information.
Required Links
The following items are mandatory links for all DOE websites:
Strategic plan and annual performance plans 
Descriptions of agency organizational structure, mission and statutory authority 
Information made available under the Freedom of Information Act 
Specific website privacy policies 
USA.gov
Summary statistical data about equal employment opportunity complaints filed with the agency and written notification of ""Whistleblower"" rights and protections as required by the No Fear Act of 2002 
The agency point of contact for small businesses as required by the Small Business Paperwork Relief Act of 2002 
Other cross-government portals or links required by law or policy”","Quoted from https://www.energy.gov/web-policies , 1/23/2026:
“Disclaimer
DOE websites contain links to many websites created and maintained by other public and/or private organizations. We provide these links as a service to our users. When users link to an outside website, they are leaving the DOE site and are subject to the privacy and security policies of the owners/sponsors of the outside website(s).
Disclaimer of Endorsement
DOE does not control or guarantee the accuracy, relevance, timeliness or completeness of information contained on a linked website and does not exercise any editorial control over the information you may find at these locations.  
DOE does not endorse the organizations sponsoring linked websites and we do not endorse the views they express or the products/services they offer. 
DOE can not authorize the use of copyrighted materials contained in linked websites. Users must request such authorization from the sponsor of the linked website. 
DOE is not responsible for transmissions users receive from linked websites. 
DOE does not guarantee that outside websites comply with the requirements of Section 508 (Accessibility Requirements) of the Rehabilitation Act.”",,missing,V1 - 2/3/2026
Census,Household Pulse Survey (HPS) Public Use Files (PUF) and Data Tables,DOC - Census,Department of Commerce,US Census Bureau,https://www.census.gov/programs-surveys/household-pulse-survey/data/datasets.html,EDGI,NJY / naomi.yoder@envirodatagov.org,6/8/2026,All Archiving Done,,Yes,Zipped Files - https://doi.org/10.5281/zenodo.20533173 ; Raw Files - https://drive.google.com/drive/u/0/folders/1Sb0Y7YrYF38oFrJLljPpm8RUvffCWtSc ,,https://docs.google.com/document/d/1TlFGdquxqvlIlueco5TZ4yJ8zbXvHoKQqp225mK_Jw8/edit?tab=t.0,12.1,GB,,Data without Metadata here: https://www.datalumos.org/datalumos/project/217701/version/V2/view;jsessionid=6979375FCB6159D5C8A1291CBE658165,,metadata_DOC-Census_HouseholdPulseSurvey_PUF_njy_202608_v1.docx,US Census Bureau - Household Pulse Survey Public Use File (PUF),,"Extracted Data from:  DOC - Census - Household Pulse Survey Public Use Files and Data Tables, 2020 - 2025","Demographics, Economy, Society",,,"https://www.census.gov/programs-surveys/household-pulse-survey/data/datasets.html; https://www.census.gov/programs-surveys/household-pulse-survey/data/tables.2025.html#list-tab-404305343 

https://www2.census.gov/programs-surveys/demo/tables/hhp
https://www2.census.gov/programs-surveys/demo/datasets/hhp",3/27/2026,,"The files are arranged by year, and an index of the files with their size is included.  There are also indexes within the subfolders that include a partial set of the included files and the location of the download.  Files were downloaded both in March of 2026 (from the site) and in May of 2026 (from the FTP site https://www2.census.gov/programs-surveys/demo/datasets/hhp and https://www2.census.gov/programs-surveys/demo/tables/hhp ).  
Quoted from the source site, https://www.census.gov/programs-surveys/household-pulse-survey/data/datasets.html (accessed 5/20/2026), 

“Microdata files contain individual responses to survey questions. They can be used to create custom tabulations and allow users to delve further into the rich detail collected in the Household Pulse Survey (HPS).
Each of the releases includes a Public Use Data File (PUF), a replicate weight data file, and a data dictionary. 
The cross-sectional data collection for the Household Pulse Survey (HPS) ended on September 16, 2024, with the final data of the cross-sectional data collection released on October 3, 2024.
In early October 2024, HPS content began transitioning into a longitudinal design, with data collected every other month to be released at a national level. In January 2025, the HPS officially relaunched as an integral part of the Household Trends and Outlook Pulse Survey (HTOPS).
In the longitudinal design of HTOPS, the survey content alternates every other month between HPS-focused content, which address timely issues affecting U.S. households, and content submitted by internal Census partners and stakeholders, allowing for flexible, targeted exploration of emergent topics. The longitudinal design of HTOPS also helps ensure these vital data are produced in an efficient, less burdensome manner that enhances their richness for timely data. Additionally, the longitudinal design benefits HPS data by allowing direct measurement of change over a much longer period of time in critical topics such as spending, inflation, and other social and economic indicators of well-being.”",No,No,Data downloaded firstly on 2026-03-27 and a second batch starting 2026-05-20 (the later date because as i went to upload i noticed dozens-hundreds of tables that hadn’t been downloaded along with the files i had.,"DOC - Census; Department of Commerce, US Census Bureau",https://zenodo.org/records/20533173,"naomi yoder, Environmental Data and Governance Initiative / Public Environmental Data Partners, naomi.yoder@envirodatagov.org (RocketChat handle @naomi)",,2020-01-01 to 2025-12-31,No,,,,"Quoted from https://www.census.gov/about/policies/quality/guidelines.html (accessed 6/3/2026):
“The U.S. Census Bureau is the largest statistical agency of the Federal Government. While best known for the decennial census of population and housing, it conducts other surveys and censuses that measure changing individual and household demographics and the economic condition of the Nation. The Census Bureau is responsible for quinquennial censuses of manufactures, retail trade, wholesale trade, service industries, finance, insurance, real estate, transportation, communication, utilities, mining, and governments. The Census Bureau also conducts approximately 200 surveys per year. It is the source of household demographic surveys sponsored by other Federal agencies, as well as by the Census Bureau. It is also the source of the country's official population estimates and projections that are used as the basis for allocating federal funds each year. Monthly, quarterly, and annual establishment surveys are funded by Congressional appropriation to yield information on the current state of the economy. Census Bureau economic surveys provide a majority of the information the Bureau of Economic Analysis uses to update Gross Domestic Product estimates, the data used by the Bureau of Labor Statistics in reporting Producer Price changes, and the data used by the Federal Reserve Board as input to indices of industrial production and capacity utilization.
Census Bureau programs support Department of Commerce Strategic Planning Goal 1: Provide the Information and the Framework to Enable the Economy to Operate Efficiently and Equitably, Objective 1.3: Support Effective Decision-Making of Policymakers, Businesses, and the American Public.
High quality publicly available statistics from Federal statistical organizations are essential for a nation to advance the economic well-being and quality of life of its people. The statistical information products provided by the Census Bureau are influential, shaping important policy decisions that help improve our Nation's social and economic conditions.
Census Bureau data are used to distribute hundreds of billions of dollars in federal funding.
Census Bureau data are essential for estimating the gross domestic product (GDP) and leading economic indicators.
Census Bureau data determine the apportionment of Congressional seats, as mandated in the Constitution.
Census Bureau data inform us about education, income, poverty, and health insurance coverage. National, state, and local governments use Census Bureau data to formulate policy.
Large corporations and local businesses use Census Bureau data to devise their business plans.
The Census Bureau is one of 10 principal statistical agencies in the Federal government. A statistical agency, as defined in the Federal Register January 29, 1996 (Volume 61, Number 20, pages 2875-2879), is an agency or organizational unit of the Executive Branch whose activities are predominantly the collection, compilation, processing or analysis of information for statistical purposes. Statistical agencies have long been leaders in the development and implementation of quality guidelines for information products.
The Office of Management and Budget (OMB), in its February 22, 2002 issuance of government-wide information quality guidelines, recognizes that Federal statistical organizations provide a substantial variety of data. Accordingly, while the Census Bureau is part of a joint Federal statistical agency notice on information quality guidelines [PDF <1.0 MB], it presents its specific response to the OMB directive on quality, including utility, objectivity, and integrity. The Census Bureau considers its published statistical information to be ""influential,"" and does not distinguish among the many data it releases annually those which are more or less influential. The original and supporting data it collects and develops to generate its statistical information products are covered by the same quality guidelines as the information it disseminates, and are proprietary and confidential. The Census Bureau will demonstrate in its Paperwork Reduction Act clearance packages that each such draft information collection will result in information that will be collected, maintained, and used in a way consistent with all applicable information quality guidelines. Analyses it conducts that become part of Census Bureau statistical information products are covered by the same quality guidelines. There is a process in place for adding disclaimers to work produced under grants and awards, and papers written and speeches given by Census Bureau employees, which do not fall under section 515 information quality guidelines as long as the documents are not disseminated by the Census Bureau. These information quality guidelines do not apply to press releases, fact sheets, press conferences or similar communications in any medium that announce, support the announcement or give public notice of information the Census Bureau has disseminated elsewhere.
These guidelines do not cover archival information disseminated by the Census Bureau before October 1, 2002, and still maintained by the Census Bureau as archival material. Nor do these guidelines cover information limited to adjudicative processes, such as pleadings, including information developed during the conduct of any criminal or civil action or administrative enforcement action, investigation or audit against specific parties, or information distributed in documents limited to administrative action determining the rights and liabilities of specific parties under applicable statutes and regulations. Third-party information, such as from states and local governments, may be included in information that the Census Bureau disseminates. Although third-party sources may not be directly subject to Section 515, information from such sources, when used by the Census Bureau to develop information products, must be of known quality and consistent with the Census Bureau's information quality guidelines. When such information is used, any limitations, assumptions, collection methods, or uncertainties concerning it are taken into account and disclosed.
These guidelines cover information disseminated by the Census Bureau on or after October 1, 2002, regardless as to when the information was first disseminated. However, the pre-dissemination review procedures incorporated in the guidelines shall be applied only to information first disseminated by the Census Bureau on or after October 1, 2002. Disseminated information covered by these guidelines shall comply with all applicable DOC and OMB Information Quality Guidelines.
In implementing these guidelines, the Census Bureau acknowledges that ensuring the quality of information is an important management objective that takes its place alongside other Census Bureau objectives, such as ensuring the success of Census Bureau missions, observing budget and resource priorities and restraints, and providing useful information to the public. The Census Bureau intends to implement these guidelines in a way that will achieve all these objectives in a harmonious way. 

These guidelines use the definitions for ""quality,"" ""utility,"" ""objectivity,"" ""integrity,"" ""information,"" ""government information,"" ""dissemination,"" ""influential,"" and ""reproducibility"" found in the OMB Final Guidelines published in the Federal Register, Vol. 67, No. 36, February 22, 2002. These guidelines may be revised periodically, based on experience, evolving requirements at the Census Bureau, and concerns expressed by the public.”",,,missing,v.1
EPA,Integrated Risk Information System,EPA,Environmental Protection Agency,,https://www.epa.gov/iris,,"Chas Martin (cmartin, chasm925@gmail.com)",8/13/2026,All Archiving Done,Needs scripting,,https://dataverse.harvard.edu/dataset.xhtml?persistentId=doi:10.7910/DVN/DZRNVF,,https://docs.google.com/document/d/1a809S1CCpwzgIKrbaYNkteWR5oFU_Q6QSzxKhTsIBwY/edit?usp=drive_link,333,MB,,"Metadata not in final folder (NJY 8/11/26).    also on the EPA SMaRT Data list

IRIS provides publicly available risk assessment documentation for hundreds of chemicals as static HTML and PDF pages. While each page is directly accessible, no bulk manifest exists. Scripting is needed to systematically enumerate and archive all chemical records and linked files, but the structure and access are straightforward.",,metadata_EPA_IRIS_CM_20260310_v1.docx,EPA [Environmental Protection Agency] Integrated Risk Information System,IRIS [Integrated Risk Information System] Assessments,Extracted Data From: EPA Integrated Risk Information System,"Health, Public Health",Environmental Health; Health; Toxin,"Medicine, Health and Life Sciences",https://www.epa.gov/iris/iris-downloads,3/9/2026,,"“EPA’s mission is to protect human health and the environment. EPA’s IRIS Program supports this mission by identifying and characterizing the health hazards of chemicals found in the environment. Each IRIS assessment can cover a chemical, a group of related chemicals, or a complex mixture. IRIS assessments are an important source of toxicity information used by EPA, state and local health agencies, other federal agencies, and international health organizations.”  - Quote from [https://www.epa.gov/iris/basic-information-about-integrated-risk-information-system] on 2026-03-09

Other keywords:  Health, Chemical, Substance, Toxicology.  Keywords in Dataverse record is a link to a URL:  https://tools.niehs.nih.gov/cchhglossary/",No,No,Data files include several xlsx spreadsheets listing chemicals and related data points as well as a dump of all PDFs with detailed assessments,"EPA - ORD, Environmental Protection Agency, Office of Research and Development",https://doi.org/10.7910/DVN/DZRNVF,"Chas Martin, rocketchat: cmartin, email: chasm925@gmail.com",3/10/2026,1987-01-01 - 2025-12-31,No,,,,"Under Open Data License, https://edg.epa.gov/epa_data_license.html (retrieved March 11th 2026)",,,333 MB,version 1
EPA,Interactive Map of Air Quality Monitors,EPA,Environmental Protection Agency,,https://www.epa.gov/outdoor-air-quality-data/interactive-map-air-quality-monitors,PEDP Volunteer,"Candice Weber (candice.w, candiceweber7@gmail.com)",8/12/2026,All Archiving Done,"ArcGIS, NO scripting needed",Yes,https://doi.org/10.7910/DVN/Z07Y2Z,,https://docs.google.com/document/d/1SRIB2VUJBz_EbNP8ORETD4yqGm2b158-lgF8fHT3gPs/edit?usp=drive_link,22,MB,3/9/2026,"Metadata not in final folder (NJY 8/11/26); fixed 8/12/2026.  We want to be able to track where and how air is being monitored. Was blocked on 2/14 but appears as of 2/21

The interactive map visualizes air quality monitoring data via ArcGIS, but identical data are available through the EPA’s AirData and AQS bulk downloads on the same domain. Archiving the static datasets is sufficient; scripting the map interface is unnecessary.",,metadata_EPA_AirQualityMonitors_CW_20260408_v2.docx,EPA [Environmental Protection Agency] Interactive Map of Air Quality Monitors,,Extracted Data From: EPA Interactive Map of Air Quality Monitors,"Atmospheric, Environment, Location","Air Pollution, Carbon Monoxide (CO), Environment, Environmental Health, Ozone (O3), Particulate Matter",Earth and Environmental Sciences,https://www.epa.gov/outdoor-air-quality-data/interactive-map-air-quality-monitors,2026-03-09 to 2026-03-27,,"This submission includes publicly available data extracted in its original form. Please reference the Related Publication listed here for source and citation information.

Data included are point location layers and supporting documentation used in the EPA Interactive Map of Air Quality Monitors available at https://www.epa.gov/outdoor-air-quality-data/interactive-map-air-quality-monitors and https://epa.maps.arcgis.com/apps/webappviewer/index.html?id=5f239fd3e72f424f98ef3d5def547eb5&extent=-146.2334,13.1913,-46.3896,56.5319. Point location layers were downloaded from the ESRI map services website and saved as Geopackages.  CSV lists of individual air quality sites and monitors are included as well.  The user interface of the interactive map is documented in PDF format.  The individual ESRI map services websites for each map layer which provide some metadata information are documented in PDF format.  The point location layers all include the fields “Annual Data Download (Links)” and “Daily Data Download (Links)” with html links listed.  The data sourced from these links has previously been archived on the Dataverse website.

“The AirData Air Quality Monitors app is a mapping application available on the web and on mobile devices that displays monitor locations and monitor-specific information.  It also allows the querying and downloading of data daily and annual summary data.  

Map layers include:
Monitors for all criteria pollutants (CO, Pb, NO2, Ozone, PM10, PM2.5, and SO2)
PM2.5 Chemical Speciation Network monitors
IMPROVE (Interagency Monitoring of PROtected Visual Environments) monitors
NATTS (National Air Toxics Trends Stations)
NCORE (Multipollutant Monitoring Network)
PAMS (Photochemical Assessment Monitoring Stations)
Near road monitors
Nonattainment areas for all criteria pollutants
Tribal areas
Federal Class I areas (national parks and wilderness areas)”

Quote from https://www.epa.gov/outdoor-air-quality-data/interactive-map-air-quality-monitors on 2026-03-27.",No,No,,United States Environmental Protection Agency (EPA),https://doi.org/10.7910/DVN/Z07Y2Z,"Candice Weber, candice.w, candiceweber7@gmail.com",4/8/2026,1980-01-01 to 2025-12-31,Yes,EPSG:4326 - WGS 84,Geopackage,Vector: Point,"The below was extracted directly from the EPA Disclaimers page (https://www.epa.gov/web-policies-and-procedures/epa-disclaimers):  “Disclaimer of Endorsement Mention of or referral to commercial products or services, and/or links to non-EPA sites does not imply official EPA endorsement of or responsibility for the opinions, ideas, data, or products presented at those locations, or guarantee the validity of the information provided. Mention of commercial products/services on non-EPA websites is provided solely as a pointer to information on topics related to environmental protection that may be useful to EPA staff and the public. Copyright Status The U.S. Government retains a nonexclusive, royalty-free license to publish or reproduce these documents, or allow others to do so, for U.S. Government purposes. These documents may be freely distributed and used for non-commercial, scientific and educational purposes. Commercial use of the documents available from the EPA websites may be protected under the U.S. and Foreign Copyright Laws. Individual documents on the EPA website may have different copyright conditions, and that will be noted in those documents. Disclaimer of Liability With respect to documents available from the EPA website, neither the United States Government nor any of their employees, makes any warranty, express or implied, including the warranties of merchantability and fitness for a particular purpose, or assumes any legal liability or responsibility for the accuracy, completeness, or usefulness of any information, apparatus, product, or process disclosed, or represents that its use would not infringe privately owned rights. Exit Disclaimer The Exit icon denotes that you are leaving the EPA website and entering an external link or a third-party site. EPA's official web site is www.epa.gov. EPA has provided this link because it provides additional information that may be useful or interesting and is being provided in a manner consistent with the intended purpose of the EPA website. Please note that EPA uses third-party sites to provide EPA content already on www.epa.gov in a different format. EPA cannot attest to the accuracy of non-EPA information provided by these third-party sites or any other linked site. EPA is providing these links for your reference. In doing so, EPA does not endorse any non-government websites, companies or applications. Also, please be aware that the privacy protection provided on the EPA.gov domain (EPA Privacy and Security Notice) does not apply to these third-party sites. To learn more about EPA and social media, please refer to our social media page. Notice Information from the EPA website resides on numerous computer systems funded by the Agency. The use of the EPA websites may be monitored for computer security purposes. Any unauthorized access to the EPA website is prohibited and is subject to criminal and civil penalties under federal laws including, but not limited to, Public Law 99-474, the Computer Fraud and Abuse Act of 1986. Terms of Use for Geospatial Data These geospatial data and corresponding cartographic materials have been approved for use by the U.S. Environmental Protection Agency (EPA) as advised by the EPA Geospatial Advisory Committee (EGAC). This approved release is on the condition that neither the EPA nor the U.S. Government may be held liable for any damages resulting from its authorized or unauthorized use. These data and any corresponding products, services, or materials do not necessarily represent the EPA’s official position or viewpoint, expressed or implied. These content items are not intended for use in establishing liability or calculating cost recovery statutes of limitations. They cannot be relied upon to create any rights, substantive or procedural, enforceable by any party in litigation with the United States or third parties. Additionally, although these data have been processed successfully on EPA computer systems, no warranty expressed or implied can be made regarding the accuracy or utility of the data on any other system or for general or scientific purposes, nor shall the act of distribution constitute any such warranty. The Agency reserves the right to revise EPA-stewarded datasets pursuant to further analysis and review without public notice. Unless otherwise specified, geospatial data produced by the EPA is by default in the public domain and is not subject to domestic copyright protection under 17 U.S.C. § 105.  Referenced data from non-EPA sources are neither inherently verified nor independently tested by the Agency in all circumstances. Permission to reproduce copyrighted items not produced by the EPA must be secured from the copyright owner. EPA strongly recommends careful attention be paid to metadata files associated with these data to better understand limitations, restrictions or intended use. The U.S. EPA shall not be held liable for improper or incorrect use of the data.”",,,,"version 1
V.2 - 8/12/2026 made some revisions, added size"
EPA,Motor Vehicle Emission Simulator (MOVES),EPA,Environmental Protection Agency,,https://www.epa.gov/moves,PEDP Volunteer,Munkh B.,5/7/2026,All Archiving Done,,Yes,https://doi.org/10.5281/zenodo.19445602,Gitbub Repository,https://docs.google.com/document/d/1D3GYxxl2PGGRPaP8b7wbzmDcCzFnG03maoCHcKNRGWU/edit?tab=t.0,703,MB,4/6/2026,"Opensource model downloadable from GitHub

MOVES is an open-source EPA model available through the official EPA site and GitHub. All materials, including executables, example data, and documentation, are downloadable directly. Fully archivable without scripting; Git provides inherent version tracking and completeness.",,metadata_EPA_MOVES_MB_20260407_v2.docx,Motor Vehicle Emission Simulator (MOVES),MOVES5 - Latest Version,Replication Data For: EPA Motor Vehicle Emission Simulator (MOVES5),"Environment, Atmospheric, Transportation, Climatology/Climate Change",,Environment and natural resources,https://www.epa.gov/moves,4/6/2026,GitHub: https://github.com/USEPA/EPA_MOVES_Model | Commit: 25dc6c8 | Tag: MOVES5.0.1,"EPA's MOtor Vehicle Emission Simulator (MOVES) is a state-of-the-science emission modeling system that estimates emissions for mobile sources at the national, county, and project level for criteria air pollutants, greenhouse gases, and air toxics. MOVES5 is the latest official version, released November 2024, and is required for use in State Implementation Plans (SIPs) and transportation conformity analyses in states other than California. This archive contains: (1) Complete source code cloned from the official EPA GitHub repository at commit 25dc6c8, tagged MOVES5.0.1, with default database movesdb20241112; (2) Official Windows installer (moves5.0.1-setup-20260402.exe, April 2026); (3) Seven official guidance and webinar PDF documents; (4) Thirteen onroad and nonroad technical report PDFs; (5) Two Excel-based input tools; (6) Web snapshots of nine EPA and GitHub pages captured April 6, 2026. Archive captured by Munkh Banzragch as part of the PEDP data preservation initiative.",Yes - readme.md included in GitHub source code clone (1_source_code/EPA_MOVES_Model/readme.md),No - data dictionary not applicable; model documentation provided through technical reports in 4_technical_reports folder,"Archive: 2,825 files, 403.48 MB total. Source code: 2,212 files, 125.37 MB (GitHub clone commit 25dc6c8). Installer: 195.78 MB (April 2026 release, includes compiled binaries and default MySQL database). Guidance PDFs: 7 files, 9.09 MB. Technical reports: 13 files, 38.68 MB. Tools: 2 Excel files, 2.68 MB. Web snapshots: 588 files, 31.86 MB.

Additional subject terms: motor vehicle emissions, transportation conformity, air quality modeling, greenhouse gas, criteria air pollutants, air toxics, onroad vehicles, nonroad equipment, emission inventory, state implementation plan, EPA, MOVES5, MOVES, simulation model, emission simulator, mobile sources, brake wear, evaporative emissions, fuel supply, vehicle population.


(GEMET) Environment (GEMET) Atmosphere (GEMET) Air pollution (GEMET) Road transport (GEMET) Emission (GEMET) Climate (GEMET) Motor vehicle

This model provides estimates emissions at national, county, and project level.  Output includes geospatial reference information such as US county-level FIPS codes. National, county, and project-level spatial granularity.",missing,Zenodo DOI: https://doi.org/10.5281/zenodo.19445602 | Zenodo URL: https://zenodo.org/records/19445602,Munkh Banzragch (munkh.mn@gmail.com) - PEDP Volunteer Archiver,4/6/2026,Not applicable - software model. Default data covers calendar years 1990-2060. Historical emissions data based on survey years through 2021.,No,,,,Source web pages archived as PDF and HTML in 6_web_snapshots folder. Primary sources: https://www.epa.gov/moves and https://github.com/USEPA/EPA_MOVES_Model. License: Public Domain. All EPA materials are works of the US Government and not subject to copyright protection. See: https://www.epa.gov/web-policies-and-procedures/epa-disclaimers,"As a work of the United States Government, EPA materials are in the public domain and not subject to copyright protection. Source: https://www.epa.gov/web-policies-and-procedures/epa-disclaimers",EPA MOVES support: mobile@epa.gov | MOVES FAQ: https://www.epa.gov/moves/frequent-questions-about-moves-and-related-models | PEDP archiver: Munkh Banzragch (munkh.mn@gmail.com),missing,"V1 - 2026-04-07: Initial archive created and submitted to PEDP Zenodo community by Munkh Banzragch. Zenodo: https://zenodo.org/records/19445603

Keywords updated in Zenodo record from custom terms to GEMET controlled vocabulary (Environment, Atmosphere, Air pollution, Road transport, Emission, Climate, Motor vehicle). Custom keywords moved to Description field as additional subject terms. Update made following review feedback from Naomi Yoder (PEDP/EDGI).

V2 - Non-standard keywords moved into “notes” field and spatial data was changed to “no”, spatial info moved to notes field. - Admins (NJY 4/13/2026)"
CDC,National Health and Nutrition Examination Survey,DHHS - CDC - NCHS,Department of Health and Human Services,Centers for Disease Control and Prevention - National Center for Health Statistics,https://wwwn.cdc.gov/nchs/nhanes/default.aspx,Harvard/BU CAFE,MA,4/23/2026,All Archiving Done,,Yes,https://dataverse.harvard.edu/dataset.xhtml?persistentId=doi:10.7910/DVN/WYIIQ1,XPT (SAS files),https://docs.google.com/document/d/1GPuizDrcGcU-LsrmK5wnE6niHgdZr5dUDjJZXZqTUqs/edit?usp=drive_link,6,GB,4/1/2025,"Metadata not accessible; fixed today (NJY 8/11/2026).  This is a very large, extremely valuable ongoing dataset. I have previously used it in my own research, so I am familiar but not an expert. It is a continuous survey collected over the past 30 years, with many modules measuring diverse aspects of health. There are ~3K files currently archived, half of which are data and the other half codebooks. 
IMPORTANT NOTE: The archived dataset remains incomplete because a small number of very large data files/sets exceeded my local storage capacity. Please see README file for more information (linked here and also in the ZIP). ~6 GB uncompressed currently, but several large files remain excluded",,Metadata_DHHS-CDC_HealthNutritionSurvey_MA_20250323_v1.docx,The National Health and Nutrition Examination Survey (NHANES),,The National Health and Nutrition Examination Survey (NHANES),Public Health,,"Medicine, Health and Life Sciences",https://wwwn.cdc.gov/nchs/nhanes/continuousnhanes/default.aspx,3/23/2025,,"Quoted from https://www.cdc.gov/nchs/nhanes/about/ on 2025-03-23):
“At a glance - NHANES is the National Health and Nutrition Examination Survey. - NHANES is a national survey that measures the health and nutrition of adults and children in the United States.

The National Health and Nutrition Examination Survey (NHANES) collects data about the health of adults and children in the United States. We also collect data about what participants eat, drink, and take as supplements to determine how many nutrients are in their diet. These dietary interviews and blood tests help us measure the nutritional status of U.S. adults and children.

CDC's National Center for Health Statistics (NCHS) conducts NHANES. NHANES is the only national health survey that includes health exams, laboratory tests, and dietary interviews for participants of all ages.

NHANES data can help improve the health of Americans. Survey data have driven changes in how doctors treat patients and how public policy supports good health.

The NHANES program began in the early 1960s. It started as a series of surveys that focused on different population groups and health topics. Since 1999, NCHS has conducted NHANES without interruption—what we call continuous NHANES. Now, NHANES can focus on different health and nutrition measurements to meet changing information needs.

Each year, about 5,000 adults and children in communities across the United States participate in NHANES. We use a random, scientific process to select the people we invite to participate. This process ensures that this group of people can accurately represent the health and nutritional status of everyone in our diverse nation.

To collect data about a wide range of health and nutrition topics, NHANES includes— - Interviews about health, diet, and personal, social, and economic characteristics - Visits to our mobile exam center for dental exams and health and body measurements - Laboratory tests by highly trained medical professionals”",,,"Keywords added when this file was created, is not included in the Dataverse submission",Department of Health and Human Services (DHHS) Centers for Disease Control and Prevention (CDC) - National Center for Health Statistics,https://doi.org/10.7910/DVN/WYIIQ1,Michael Amato,3/23/2025,Start Date: 1999-01-01; End Date: 2023-12-31,No,,,,"Source Dataset Title: NHANES; Source Dataset Author: CDC; Source Dataset Institution: CDC; Source Dataset Version Number: NA; https://wwwn.cdc.gov/nchs/nhanes/continuousnhanes/default.aspx; Source Dataset Last Modified Date: 2023-12-31; Source Dataset Date Obtained: 2025-03-23; Source Dataset Type: Survey data; Source Dataset Other Type: continuous data including questionnaires, lab results, and physical examinations; Source Dataset Timestep: Other (specify); Other Source Dataset Timestep: multiple temporal resolutions, reported in separate data files; Source Dataset Attribution: Centers for Disease Control and Prevention (CDC). National Center for Health Statistics (NCHS). National Health and Nutrition Examination Survey Data. Hyattsville, MD: U.S. Department of Health and Human Services, Centers for Disease Control and Prevention, [appropriate year][web URL].; Source Dataset Disclaimer: Data use restrictions Please read carefully before using publicly released NCHS data files The National Center for Health Statistics (NCHS), Centers for Disease Control and Prevention (CDC), conducts statistical and epidemiological activities under the authority granted by the Public Health Service Act (42 U.S.C. § 242k). NCHS survey data are protected by federal confidentiality laws including Section 308(d) Public Health Service Act [42 U.S.C. 242m(d)] and the Confidential Information Protection and Statistical Efficiency Act or CIPSEA [44 U.S.C. 3561-3583]. These confidentiality laws state the data collected by NCHS may be used only for statistical reporting and analysis. Any effort to determine the identity of individuals and establishments violates the assurances of confidentiality provided by federal law. Terms and conditions NCHS does all it can to ensure that the identity of individuals and establishments cannot be disclosed. All direct identifiers, as well as any characteristics that might lead to identification, are omitted from the dataset. Any intentional identification or disclosure of an individual or establishment violates the assurances of confidentiality given to the providers of the information. Therefore, users will— Use the data in this dataset for statistical reporting and analysis only. Make no attempt to learn the identity of any person or establishment included in these data. Not link this dataset with individually identifiable data from other NCHS or non-NCHS datasets. Not engage in any efforts to assess disclosure methodologies applied to protect individuals and establishments or any research on methods of re-identification of individuals and establishments. By using these data you signify your agreement to comply with the above-stated statutorily based requirements. Sanctions for violating NCHS Data Use Agreement Willfully disclosing any information that could identify a person or establishment in any manner to a person or agency not entitled to receive it, shall be guilty of a class E felony and imprisoned for not more than 5 years, or fined not more than $250,000, or both.",,,missing,v1
EPA,"National Lakes Assessment: The Fourth Collaborative Survey
of Lakes in the United States",EPA,Environmental Protection Agency,,https://nationallakesassessment.epa.gov/webreport,PEDP Volunteer,"Candice Weber (candice.w, candiceweber7@gmail.com)",5/7/2026,All Archiving Done,NO scripting needed,,https://doi.org/10.7910/DVN/OYUVG0,,https://docs.google.com/document/d/11JUyohp9FAVJIPSepTrFD65Mqjg43-M48-c93xmls7Y/edit?usp=drive_link,289,MB,,"The web report is an interactive visualization of survey results, while the actual datasets are downloadable from EPA’s NARS program. Archiving the static ZIP/CSV datasets is sufficient to preserve all analytical content; the dashboard itself need only be captured as documentation.",,Metadata_EPA_NationalLakesAssess_CW_20251211_Version1.docx,National Lakes Assessment: US [United States] EPA [Environmental Protection Agency],"National Lakes Assessment (NLA), a part of the National Aquatic Resource Surveys (NARS)",Extracted Data From: EPA National Lakes Assessment,"Biota, Environment, Inland Waters","algae, bacteria, biodiversity, cyanobacteria, ecosystem, environment, eutrophication, freshwater, water quality",earth and environmental sciences,https://www.epa.gov/national-aquatic-resource-surveys/data-national-aquatic-resource-surveys,12/8/2025,,"This submission includes publicly available data extracted in its original form.  Data included are EPA National Lakes Assessment  survey results from 2022, 2017, 2012 and 2007 for all states.  All collected data and geospatial shape files are uploaded in zipped files.   Corresponding metadata files are included for each dataset.  Field and lab manuals, design documents, and quality assurance plans are included for each survey, as well.  

“The National Lakes Assessment (NLA) is a statistical survey of the condition of our nation's lakes, ponds, and reservoirs. It is designed to provide information on the extent of lakes that support healthy biological condition and recreation, estimate how widespread major stressors are that impact lake quality, and provide insight into whether lakes nationwide are getting cleaner.” - Quote from https://www.epa.gov/national-aquatic-resource-surveys/nrsa on 2025-12-07.

“The [National Lakes Assessment 2022, 2017, 2012, and 2007] data were a result of the collective efforts of dedicated field crews, laboratory staff, data management and quality control staff, analysts and many others from EPA, states, tribes, federal agencies, universities, and other organizations. Please contact nars-hq@epa.gov with any questions.” - Quote from https://www.epa.gov/national-aquatic-resource-surveys/frequent-questions-about-data-national-aquatic-resource-surveys on 2025-12-07.",No,No,,United States Environmental Protection Agency (EPA),https://doi.org/10.7910/DVN/OYUVG0,"Weber, Candice; candiceweber7@gmail.com",12/12/2025,"2007-01-01 - 2007-12-31;
2012-01-01 - 2012-12-31;
2017-01-01 - 2017-12-31;
2022-01-01 - 2022-12-31",Yes,NAD83 4269,Shapefiles,"Vector, Polygon","The below was extracted directly from the EPA Disclaimers page (https://www.epa.gov/web-policies-and-procedures/epa-disclaimers):  “Disclaimer of Endorsement Mention of or referral to commercial products or services, and/or links to non-EPA sites does not imply official EPA endorsement of or responsibility for the opinions, ideas, data, or products presented at those locations, or guarantee the validity of the information provided. Mention of commercial products/services on non-EPA websites is provided solely as a pointer to information on topics related to environmental protection that may be useful to EPA staff and the public. Copyright Status The U.S. Government retains a nonexclusive, royalty-free license to publish or reproduce these documents, or allow others to do so, for U.S. Government purposes. These documents may be freely distributed and used for non-commercial, scientific and educational purposes. Commercial use of the documents available from the EPA websites may be protected under the U.S. and Foreign Copyright Laws. Individual documents on the EPA website may have different copyright conditions, and that will be noted in those documents. Disclaimer of Liability With respect to documents available from the EPA website, neither the United States Government nor any of their employees, makes any warranty, express or implied, including the warranties of merchantability and fitness for a particular purpose, or assumes any legal liability or responsibility for the accuracy, completeness, or usefulness of any information, apparatus, product, or process disclosed, or represents that its use would not infringe privately owned rights. Exit Disclaimer The Exit icon denotes that you are leaving the EPA website and entering an external link or a third-party site. EPA's official web site is www.epa.gov. EPA has provided this link because it provides additional information that may be useful or interesting and is being provided in a manner consistent with the intended purpose of the EPA website. Please note that EPA uses third-party sites to provide EPA content already on www.epa.gov in a different format. EPA cannot attest to the accuracy of non-EPA information provided by these third-party sites or any other linked site. EPA is providing these links for your reference. In doing so, EPA does not endorse any non-government websites, companies or applications. Also, please be aware that the privacy protection provided on the EPA.gov domain (EPA Privacy and Security Notice) does not apply to these third-party sites. To learn more about EPA and social media, please refer to& our social media page. Notice Information from the EPA website resides on numerous computer systems funded by the Agency. The use of the EPA websites may be monitored for computer security purposes. Any unauthorized access to the EPA website is prohibited and is subject to criminal and civil penalties under federal laws including, but not limited to, Public Law 99-474, the Computer Fraud and Abuse Act of 1986. Terms of Use for Geospatial Data These geospatial data and corresponding cartographic materials have been approved for use by the U.S. Environmental Protection Agency (EPA) as advised by the EPA Geospatial Advisory Committee (EGAC). This approved release is on the condition that neither the EPA nor the U.S. Government may be held liable for any damages resulting from its authorized or unauthorized use. These data and any corresponding products, services, or materials do not necessarily represent the EPA’s official position or viewpoint, expressed or implied. These content items are not intended for use in establishing liability or calculating cost recovery statutes of limitations. They cannot be relied upon to create any rights, substantive or procedural, enforceable by any party in litigation with the United States or third parties. Additionally, although these data have been processed successfully on EPA computer systems, no warranty expressed or implied can be made regarding the accuracy or utility of the data on any other system or for general or scientific purposes, nor shall the act of distribution constitute any such warranty. The Agency reserves the right to revise EPA-stewarded datasets pursuant to further analysis and review without public notice. Unless otherwise specified, geospatial data produced by the EPA is by default in the public domain and is not subject to domestic copyright protection under 17 U.S.C. § 105.  Referenced data from non-EPA sources are neither inherently verified nor independently tested by the Agency in all circumstances. Permission to reproduce copyrighted items not produced by the EPA must be secured from the copyright owner. EPA strongly recommends careful attention be paid to metadata files associated with these data to better understand limitations, restrictions or intended use. The U.S. EPA shall not be held liable for improper or incorrect use of the data.”",,,missing,Version 1
EPA,"National Rivers and Streams Assessment, NRSA 2018-2019 data dashboard",EPA,Environmental Protection Agency,,https://riverstreamassessment.epa.gov/dashboard,PEDP Volunteer,"Candice Weber (candice.w, candiceweber7@gmail.com)",8/20/2026,All Archiving Done,NO scripting needed,,https://dataverse.harvard.edu/dataset.xhtml?persistentId=doi%3A10.7910%2FDVN%2FS2ZWIE,,https://docs.google.com/document/d/1OiK4Bqg8iCosEgXxXbPBcZViWa4OGMamb1k1TWvRVFw/edit?usp=drive_link,383,MB,,"The NRSA 2018–2019 dashboard visualizes data that are fully available via EPA’s NARS program. The dashboard itself is dynamic, but its role is interpretive rather than data-hosting. Archiving the underlying ZIP/CSV files preserves the dataset; capturing the dashboard UI is optional documentation only.",,Metadata_EPA_NatRiversStreamsAssess_CW_20251218_Version1.docx,National Rivers and Streams Assessment: US [United States] EPA [Environmental Protection Agency],"National Rivers and Streams Assessment (NRSA), a part of the National Aquatic Resource Surveys (NARS)",Extracted Data From: EPA National Rivers and Streams Assessment,"Biota, Environment, Inland Waters","algae, bacteria, biodiversity, cyanobacteria, ecosystem, environment, eutrophication, freshwater, water quality, watershed",Earth and Environmental Sciences,https://www.epa.gov/national-aquatic-resource-surveys/data-national-aquatic-resource-surveys,12/14/2025,,"This submission includes publicly available data extracted in its original form.  Data included are EPA National Rivers and Streams Assessment survey results from 2018-2019, 2013-2014, and 2008-2009 for all states.  All collected data and geospatial shapefiles are uploaded in zipped files.   Corresponding metadata files are included for each dataset.  Technical support documents  are included for each survey, as well.  Watershed shapefiles were only included with the 2008-2009 and 2013-2014 surveys.  The user interface of the EPA National Rivers and Stream Assessment Dashboard for the 2018-2019 survey accessed at https://riverstreamassessment.epa.gov/dashboard is documented in PDF form.

“The National Rivers and Streams Assessment (NRSA) is a collaborative survey that provides information on the ecological condition of the nation’s rivers and streams and the key stressors that affect them, both on a national and an ecoregional scale.” - Quote from https://www.epa.gov/national-aquatic-resource-surveys/nrsa  on 2025-12-18.

“The [National Rivers and Streams Assessment 2018-2019, 2013-2014, and 2008-2009] data were a result of the collective efforts of dedicated field crews, laboratory staff, data management and quality control staff, analysts and many others from EPA, states, tribes, federal agencies, universities, and other organizations. Please contact nars-hq@epa.gov with any questions.” - Quote from https://www.epa.gov/national-aquatic-resource-surveys/frequent-questions-about-data-national-aquatic-resource-surveys on 2025-12-18.",No,No,,United States Environmental Protection Agency (EPA),https://doi.org/10.7910/DVN/S2ZWIE,"Weber, Candice; candiceweber7@gmail.com",1/5/2026,"2018-01-01 - 2019-12-31;
2013-01-01 - 2014-12-31;
2008-01-01 - 2009-12-31",Yes,NAD83 4269,"Shapefile, Geodatabase",Polygon,"The below was extracted directly from the EPA Disclaimers page (https://www.epa.gov/web-policies-and-procedures/epa-disclaimers):  “Disclaimer of Endorsement Mention of or referral to commercial products or services, and/or links to non-EPA sites does not imply official EPA endorsement of or responsibility for the opinions, ideas, data, or products presented at those locations, or guarantee the validity of the information provided. Mention of commercial products/services on non-EPA websites is provided solely as a pointer to information on topics related to environmental protection that may be useful to EPA staff and the public. Copyright Status The U.S. Government retains a nonexclusive, royalty-free license to publish or reproduce these documents, or allow others to do so, for U.S. Government purposes. These documents may be freely distributed and used for non-commercial, scientific and educational purposes. Commercial use of the documents available from the EPA websites may be protected under the U.S. and Foreign Copyright Laws. Individual documents on the EPA website may have different copyright conditions, and that will be noted in those documents. Disclaimer of Liability With respect to documents available from the EPA website, neither the United States Government nor any of their employees, makes any warranty, express or implied, including the warranties of merchantability and fitness for a particular purpose, or assumes any legal liability or responsibility for the accuracy, completeness, or usefulness of any information, apparatus, product, or process disclosed, or represents that its use would not infringe privately owned rights. Exit Disclaimer The Exit icon denotes that you are leaving the EPA website and entering an external link or a third-party site. EPA's official web site is www.epa.gov. EPA has provided this link because it provides additional information that may be useful or interesting and is being provided in a manner consistent with the intended purpose of the EPA website. Please note that EPA uses third-party sites to provide EPA content already on www.epa.gov in a different format. EPA cannot attest to the accuracy of non-EPA information provided by these third-party sites or any other linked site. EPA is providing these links for your reference. In doing so, EPA does not endorse any non-government websites, companies or applications. Also, please be aware that the privacy protection provided on the EPA.gov domain (EPA Privacy and Security Notice) does not apply to these third-party sites. To learn more about EPA and social media, please refer to our social media page. Notice Information from the EPA website resides on numerous computer systems funded by the Agency. The use of the EPA websites may be monitored for computer security purposes. Any unauthorized access to the EPA website is prohibited and is subject to criminal and civil penalties under federal laws including, but not limited to, Public Law 99-474, the Computer Fraud and Abuse Act of 1986. Terms of Use for Geospatial Data These geospatial data and corresponding cartographic materials have been approved for use by the U.S. Environmental Protection Agency (EPA) as advised by the EPA Geospatial Advisory Committee (EGAC). This approved release is on the condition that neither the EPA nor the U.S. Government may be held liable for any damages resulting from its authorized or unauthorized use. These data and any corresponding products, services, or materials do not necessarily represent the EPA’s official position or viewpoint, expressed or implied. These content items are not intended for use in establishing liability or calculating cost recovery statutes of limitations. They cannot be relied upon to create any rights, substantive or procedural, enforceable by any party in litigation with the United States or third parties. Additionally, although these data have been processed successfully on EPA computer systems, no warranty expressed or implied can be made regarding the accuracy or utility of the data on any other system or for general or scientific purposes, nor shall the act of distribution constitute any such warranty. The Agency reserves the right to revise EPA-stewarded datasets pursuant to further analysis and review without public notice. Unless otherwise specified, geospatial data produced by the EPA is by default in the public domain and is not subject to domestic copyright protection under 17 U.S.C. § 105.  Referenced data from non-EPA sources are neither inherently verified nor independently tested by the Agency in all circumstances. Permission to reproduce copyrighted items not produced by the EPA must be secured from the copyright owner. EPA strongly recommends careful attention be paid to metadata files associated with these data to better understand limitations, restrictions or intended use. The U.S. EPA shall not be held liable for improper or incorrect use of the data.”",,,missing,Version 1
DHHS,National Substance Use and Mental Health Services Survey (N-SUMHSS),DHHS - SAMHSA,Department of Health and Human Services,Substance Abuse and Mental Health Services Administration,https://www.samhsa.gov/data/data-we-collect/n-sumhss-national-substance-use-and-mental-health-services-survey/datafiles,Harvard/BU CAFE,EH / EAG,5/6/2026,All Archiving Done,,Yes,https://dataverse.harvard.edu/dataset.xhtml?persistentId=doi%3A10.7910%2FDVN%2FRWLDVJ,"PDF, Multiple (R, SAS, CSV, etc.)",https://docs.google.com/document/d/1Gdce4gRydiikLsRmRBxW3wymcqYWkhaH/edit,1.6,GB,,"Archived by ~ag, files zipped by year, includes N-SUMHSS files (2021 to 2023) but also N-MHSS files (2010 to 2020), N-SSATS files (1997-2020), and UFDS files (1997-1998).",,metadata_DHHS-SAMHSA_SubstanceUseSurvey_AM_20250414_v2.docx,National Substance Use and Mental Health Services Survey (N-SUMHSS),N-SUMHSS,Extracted Data From: National Substance Use and Mental Health Services Survey (N-SUMHSS),"Demographics, Health, Public Health, Society","Mental Health; Mental Illness, Mental Disorder; Substance Use Disorders","Medicine, Health and Life Sciences",https://www.samhsa.gov/data/data-we-collect/n-sumhss-national-substance-use-and-mental-health-services-survey/datafiles,4/10/2025,,"“N-SUMHSS releases yearly public-use files (PUFs). These are full datasets treated with confidentiality protections. The PUFs contain facility data on mental health and substance use treatment services. This includes location, characteristics, service provision and utilization of substance use and mental health treatment facilities. Note, the codebooks may not contain all variables.” - Quote from https://www.samhsa.gov/data/data-we-collect/n-sumhss-national-substance-use-and-mental-health-services-survey/datafiles on 2026-08-05
Codebook is still available on the site, but not listed in the archive (URL: https://www.samhsa.gov/data/system/files/media-puf-file/N-SUMHSS-2024-DS0001-info-codebook_v1.pdf)",No,No,"Codebook is still available on the site, but not listed in the archive (URL: https://www.samhsa.gov/data/system/files/media-puf-file/N-SUMHSS-2024-DS0001-info-codebook_v1.pdf)
File types: PDF, SAS, SPSS, Stata, Delimited, R
Accessed original URL again 2026-08-05",DHHS [Department of Health and Human Services]; SAMHSA [Substance Abuse and Mental Health Services Administration],https://doi.org/10.7910/DVN/RWLDVJ,"Anne Gunn (archiver), Alexander Maksiaev (metadata, alexander.maksiaev@gmail.com)",4/14/2025,"1997-01-01 to 2023-12-31, annual",No,,,,"Quoted from https://www.samhsa.gov/data/about-us/terms-and-conditions, accessed 8/6/2026:

“Our Terms of Use
Please read the Terms of Use below. By continuing to use this site, you signify your agreement and intent to follow them.
Promise of Confidentiality
This is a promise to a respondent or research participant that the information they provide will remain confidential. By this, we mean specifically that: 
It will not be disseminated in identifiable form without the permission of the respondent. 
The fact that the respondent participated in the study will not be disclosed. 
Disseminated information will not include linkages to the identity of the respondent.
Such a promise encompasses traditional notions of both confidentiality and anonymity. In most cases, federal law protects the confidentiality of the respondent’s identity. This is referenced in the Promise of Confidentiality. Under this condition, names and other identifying information about respondents would be confidential. 
Research Subjects
A research subject is a person or organization that participates in a research study. A research subject may also be called a respondent. A respondent is generally:
A survey respondent or informant
An experimental or observational subject 
A focus group participant 
Any other person providing information to a study 
Privacy of Research Subjects
Any intentional identification of a research subject violates the Promise of Confidentiality. This is true whether an individual or an organization. Unauthorized disclosure of confidential information from a subject also violates the Promise. Disclosure of confidential information may also be punishable under federal law. Users of data agree
To use these datasets solely for research or statistical purposes. 	
They cannot use it for re-identification of specific research subjects. 	
To make no use of the identity of any research subject discovered inadvertently. 	
Any such discovery like this should be reported to the Center for Behavioral Health Statistics and Quality (CBHSQ) at cbhsqrequest@samhsa.hhs.gov. 
Disclaimer
SAMHSA bears no responsibility for your use of the data or your interpretations or inferences based upon such uses. 
Violations
If SAMHSA determines that this Terms of Use agreement has been violated, possible sanctions could include:
The Research Integrity Officer, The Institutional Review Board, or the Human Subjects Review Committee of the user’s institution. 	
A range of sanctions are available to put in place on institutions including revocation of tenure and termination  	
The federal Office for Human Research Protections, if the confidentiality of human subjects has been violated 	
This may include an investigation of the user’s institution  		
Which may result in institution-wide sanctions, such as the suspension of all research grants 		 		
The U.S. Attorney General, if federal law was violated.  
This may result in prosecution 
Courts may award payments of damages to any subject harmed by the breach of confidential data “","“As with any data collection effort, limitations must be taken into account when interpreting data from the N-SUMHSS.

    The N-SUMHSS is a voluntary survey, and while it attempts to obtain responses from all known treatment facilities, some facilities do not respond. The data are not adjusted for facility nonresponse.
    The N-SUMHSS is a point-prevalence survey. Client counts reported do not represent annual totals. Rather, the N-SUMHSS provides a “snapshot” of substance use and mental health treatment facilities and clients on an average day.
    Multiple responses are allowed for certain variables (e.g., services provided and specialized programs). Tabulations of these variables include the total number of facilities reporting each response.” - Quote from https://www.samhsa.gov/data/data-we-collect/n-sumhss-national-substance-use-and-mental-health-services-survey/datafiles",None,1.6 GB,"V2 – found another data file to add to the archive (2026-08-05), added metadata fields to this sheet (all of the above, 2026-08-05)
V1"
EIA,Natural Gas Annual Respondent Query System (EIA-757 Data through 2017),DOE - EIA,Department of Energy,Energy Information Administration,https://www.eia.gov/naturalgas/ngqs/#?report=RP9&year1=2017&year2=2017&company=Name,Catalyst Cooperative,ZS / EB,5/7/2026,All Archiving Done,,Yes,https://doi.org/10.5281/zenodo.10607838,XLSX,https://docs.google.com/document/d/1k1Zf6Nw6QMNEGVHrc0rVvXRgsUsUsmSn/edit,1.6,MB,,Metadata: https://www.eia.gov/naturalgas/ngqs/ngqs_user_guide.pdf,,metadata_DOE-EIA_NaturalGasSystem_LP_20240208_v1.docx,Natural Gas Annual Respondent Query System (EIA-757 Data through 2017),,PUDL Raw EIA Form 757A -- Natural Gas Processing Plant Survey,"Energy, Fossil Fuels, Petrochemicals, Utilities/Communication",,,https://www.eia.gov/naturalgas/ngqs/#?report=RP9&year1=2017&year2=2017&company=Name,2/8/2024,,"The EIA Form 757A, also known as the Natural Gas Processing Plant Survey Schedule A provides detailed plant-level information on the capacity, status, operations and connecting infrastructure of natural gas processing plants. The form is completed every three years. Archived from https://www.eia.gov/naturalgas/ngqs/
This archive contains raw input data for the Public Utility Data Liberation (PUDL) software developed by Catalyst Cooperative. It is organized into Frictionless Data Packages. For additional information about this data and PUDL, see the following resources:
The PUDL Repository on GitHub
PUDL Documentation
Other Catalyst Cooperative data archives
There are two versions of the archive as of 8/6/2026: 
Version 1: https://doi.org/10.5281/zenodo.10607839
Version 2:  https://doi.org/10.5281/zenodo.10635277
The DOI listed in this metadata document resolves to the most recent version.",,,,"EIA, Department of Energy, Energy Information Administration",https://doi.org/10.5281/zenodo.10607838,"Catalyst Cooperative (archiver), Lisa Poggel (metadata, lisa.poggel@tib.eu)",2/8/2024,"2012, 2014 and 2017",No,,,,"Quoted from https://www.eia.gov/about/copyrights_reuse.php (accessed 8/6/2026)
“Public domain and use of EIA content
U.S. government publications are in the public domain and are not subject to copyright protection. You may use and/or distribute any of our data, files, databases, reports, graphs, charts, and other information products that are on our website or that you receive through our email distribution service. However, if you use or reproduce any of our information products, you should use an acknowledgment, which includes the publication date, such as: ‘Source: U.S. Energy Information Administration (Oct 2008).’ “",,,1.6 MB,v1
CDC,NIOSH Health Hazard Evaluations,DHHS - CDC,Department of Health and Human Services,Centers for Disease Control and Prevention,https://www2a.cdc.gov/hhe/search.asp,PEDP Volunteer,"Tom Beebe, NJY",4/23/2026,All Archiving Done,,Yes,https://sciop.net/datasets/cdc-niosh-hhe,PDF,https://docs.google.com/document/d/1gS8VuPkUqFjTVe9CjY4NMgSWv7hJ7WGv1UyzaMBA7cU/edit?tab=t.0,6.7,GB,,Reports are accessible via search interface,,Metadata_DHHS-CDC_HHE_tb_njy_20260211_v1.docx,CDC The National Institute for Occupational Safety and Health (NIOSH) Health Hazard Evaluations (HHEs),,CDC NIOSH Health Hazard Evaluations (HHEs),"Health, Public Health, Society",,,https://www2a.cdc.gov/hhe/search.asp,2/9/2026,,"Quoted from the website (https://www.cdc.gov/niosh/hhe/about/?CDC_AAref_Val=https://www.cdc.gov/niosh/hhe/about.html - accessed 2/11/2026) 
“The NIOSH Health Hazard Evaluation (HHE) program helps employees, employers, and unions recognize and control health hazards in their workplace. HHE staff have experience with many types of hazards, including:
Physical agents such as heat, noise, and radiation
Biological agents such as mold and anthrax
Infectious diseases such as tuberculosis and influenza
Chemicals such as solvents, metals, and particulates
Musculoskeletal stressors
Psychosocial issues such as work stress
Evaluations are done at no cost to the requestor or workplace. After an evaluation is complete, NIOSH will provide recommendations on ways to reduce or eliminate identified hazards. NIOSH does not enforce workplace health and safety standards.”",No,No,Upload is to BitTorrent; this metadata doc is not included in the upload archive itself,"DHHS - CDC - NIOSH → Department of Health and Human Services, Centers for Disease Control and Prevention - National Institute for Occupational Safety and Health",https://sciop.net/datasets/cdc-niosh-hhe,Tom Beebe (@tbeebe on RocketChat),2/10/2026,1970-01-01 to 2025-12-31,No,,,,"Quoted from website (https://www2a.cdc.gov/hhe/search.asp - accessed 2026-02-11)
“All NIOSH Health Hazard Evaluation reports and other NIOSH publications are available at no cost. 		

You can either download a copy of the publication from the website or contact us for a copy. 		

For HHE reports, please send an email to HHERequestHelp@cdc.gov. 		

Information about all other NIOSH publications is available at https://www.cdc.gov/niosh/pubs/.	 		
We carefully review our reports prior to publication, but we do make errors from time to time. We regret any typographical or other minor errors that you might find. If you find a substantive factual or data-related error, let us know. 		
Please send an email to HHERequestHelp@cdc.gov with the report number (ex. HHE 2013-0500-7500), the authors' names, the error you are reporting, and the page number of the error. We will look into your comments, fix confirmed errors, and repost the report. Thank you for your interest in the HHE Program.”",,,6.7 GB,V1 - created 2026-02-11by naomi yoder (naomi.yoder@envirodatagov.org)
CDC,NVSS Life Expectancy Life Tables,DHHS - CDC,Department of Health and Human Services,Centers for Disease Control and Prevention,https://www.cdc.gov/nchs/nvss/life-expectancy.htm,PEDP Volunteer,AC,8/20/2026,All Archiving Done,,Yes,https://dataverse.harvard.edu/dataset.xhtml?persistentId=doi:10.7910/DVN/XWI35Y,,https://docs.google.com/document/d/1z_fx8BX1VCFd-x-U-XQw8TPQ5qRNRyTpr8QKJomEGAY/edit?usp=drive_link,457.7,MB,6/1/2025,Metadata not accessible (NJY 8/11/2026),,Metadata_DHHS-CDC_LifeExpectancyTables_AC_20250601_v2.docx,NVSS - Life Expectancy,,Extracted Data From: NVSS - Life Expectancy Life Tables,Public Health,Health; Mortality,"Medicine, Health and Life Sciences",https://www.cdc.gov/nchs/nvss/life-expectancy.htm,5/30/2025,,"Life expectancy estimates from the National Center for Health Statistics provide a reliable snapshot of population health and mortality in the United States. National life expectancy estimates are calculated using period (current) life tables. Life tables are used to measure mortality, survivorship, and the life expectancy of a population at varying ages.",No,No,"Download date range:  2025-05-30 through 2025-06-01 . Is Supplemented By: For data files: National Center for Health Statistics. U.S. Small-Area Life Expectancy Estimates Project (USALEEP): Life Expectancy Estimates File for {Jurisdiction}, 2010-2015]. National Center for Health Statistics. 2018. Available from: https://www.cdc.gov/nchs/nvss/usaleep/usaleep.html.","Department of Health and Human Services (DHHS), Centers for Disease Control and Prevention (CDC) - National Vital Statistics System (NVSS), National Center for Health Statistics",https://doi.org/10.7910/DVN/XWI35Y,Ariel Chamberlain,6/1/2025,Start Date: 1890-01-01; End Date: 2022-12-31,No,,,,"""Most of the information on the CDC and ATSDR websites is not subject to copyright, is in the public domain, and may be freely used or reproduced without obtaining copyright permission.    There are, however, a few exceptions. A federal government website may have a mix of public domain and copyright-protected materials. First, some resources, as well as images, on the CDC and ATSDR websites are restricted in their use because they were developed by government contractors or grantees, or have been licensed by a third party. Second, the U.S. government work designation does not apply to works of state and local governments; works of state and local governments may be protected by copyright. Third, copyright laws also differ internationally. While U.S. federal copyright laws may not protect U.S. government works outside the United States, the work may still be protected under the copyright laws of other countries when used in these jurisdictions. Copyright-protected materials featured on the CDC and ATSDR websites should include a copyright statement. However, if in doubt, please write to the contact point for that site.""",,,458 MB,V1
DHHS,Organ Donation and Transplantation,DHHS - HRSA,Department of Health and Human Services,Health Resources and Services Administration,https://data.hrsa.gov/topics/health-systems/organ-donation,Harvard/BU CAFE,JP,8/5/2026,All Archiving Done,,Yes,https://doi.org/10.7910/DVN/IEVIDD,XLSX,https://docs.google.com/document/d/1rVvDil4B2HB1C1C7RyKjhoDvt44YOYAqZxEKZXkSeNQ/edit?usp=drive_link,1,MB,6/1/2025,"The dataset exists in a dropdown menu on a webpage with other datasets. Suggest printing PDF of the full page for context, but uploading each section seperately. ",,metadata_DHHS-HRSA_OrganDonation_rs_20250512_v1.docx,Organ Donation and Transplantation,,HRSA Organ Donation and Transplantation Data,Health,Healthcare Services; Public Health,"Medicine, Health and Life Sciences",https://data.hrsa.gov/topics/health-systems/organ-donation,5/12/2025,,"This submission includes publicly available data extracted in its original form. Please reference the Related Publication listed here for source and citation information.

If you have questions about the underlying data stored here, please contact HRSA at AskDoT@hrsa.gov. If you have questions or recommendations related to this metadata entry and extracted data, please contact the CAFE Data Management team at: climatecafe@bu.edu.

“HRSA’s Health Systems Bureau manages the nation’s Organ Donation and Transplantation program. This program works to extend and enhance the lives of individuals with end-stage organ failure for whom an organ transplant is the most appropriate therapeutic treatment.

HRSA makes available to the public both data and data visualizations on organ donation and transplantation. The aim of this information is to improve transparency around organ transplantation activities across the nation for the public.

The presented data are collected through a number of means by the nation’s Organ Procurement and Transplantation Network (OPTN). HRSA encourages viewers of this data to appreciate that these data are complex, and that additional data, information, and context may be necessary to properly address key policy issues around the nation’s organ transplantation systems. HRSA recommends users thoroughly review the important contextual information provided in the ""Frequently Asked Questions"" document.”
[Quote from: https://data.hrsa.gov/topics/health-systems/organ-donation]
Accessed (2025-05-12)",No,No,Deposit Date 2025-05-12 Publication Date 2025-06-05,"Department of Health and Human Services (DHHS), Health Resources and Services Administration (HRSA)",https://doi.org/10.7910/DVN/IEVIDD,"Roberta Stardust (metadata), Joseph Palmo (archivist)",5/12/2025,Start Date: 2020-01-01; End Date: 2025-01-31,No,,,,"Quoted from: https://data.hrsa.gov/topics/health-systems/organ-donation (accessed 8/5/26)
“Organ Transplant Programs Data Usage Terms & Conditions

Data Published by: HRSA, Healthcare Systems Bureau (HSB), Division of Transplantation

Usage limitations: None”",,,1.2 MB,V1
NOAA,Paleoclimatology:  Fire History,DOC - NOAA,Department of Commerce,National Oceanic and Atmospheric Administration,https://www.ncei.noaa.gov/products/paleoclimatology/fire-history,EDGI,NJY / naomi.yoder@envirodatagov.org,5/8/2026,All Archiving Done,,Yes,https://doi.org/10.5281/zenodo.19580276,"XLSX, PDF, JSON",https://docs.google.com/document/d/1Y2eSsVg7kRZpE2jhYd94TnCnYIaRCxRGBwCA3cQ_gkA/edit?tab=t.0,23,MB,,,,metadata_DOC-NOAA_Paleoclimatology_FireHistory_njy_20260324_v1.docx,National Centers for Environmental Information:  Paleoclimatology Data - Fire History,,Extracted Data From:  NOAA Paleoclimatology - Fire History,"Climatology/Climate Change, Geoscientific Information",,,https://www.ncei.noaa.gov/products/paleoclimatology/fire-history,2/5/2025,,"“NCEI offers search and download of Paleoclimatic proxy data and Paleoclimate Reconstructions from the NOAA/World Data Service for Paleoclimatology archives. Over 10,000 data sets are available, derived from natural sources such as tree rings, ice cores, corals, and ocean and lake sediments. Use the General search box or Advanced search to improve filtering by investigators, locations, keywords and time periods. Data files for the entire result set, or a subset of it, can be downloaded as a single compressed file. A web service is also provided that you can use to get Paleo studies' metadata in JSON format. See the API help page for details and examples.” - Quoted from https://www.ncei.noaa.gov/access/paleo-search (accessed 3-24-26)

“The International Multiproxy Paleofire Database (IMPD) is an archive of fire history data derived from natural proxies such as tree scars and charcoal and sediment records. The IMPD was established with guidance from an advisory board to provide a permanent repository for high-quality paleofire records from around the world. For more information about paleofire data, see our Introduction to Fire History Reconstruction.” - quoted from https://www.ncei.noaa.gov/products/paleoclimatology/fire-history (accessed 4/14/2026)

The search resulted in 65 studies, and all of the data were downloaded together.  An index of sorts can be found in the manifest.json or manifest.txt file.",Yes,No,,"Department of Commerce, National Oceanic and Atmospheric Administration (DOC-NOAA)",https://doi.org/10.5281/zenodo.19580276,"naomi yoder, Environmental Data and Governance Initiative / Public Environmental Data Partners, naomi.yoder@envirodatagov.org (RocketChat handle @naomi)",4/14/2026,Thousands of years,No,,,,"“Please cite original publication, onlineResourceLink and date accessed when using these data. If there is no publication information, please cite investigator, title, online resource and date accessed. All of this information is located in the JSON Metadata record associated with each data file in the manifest.txt file section ""one entry per file that matched the search params, including duplicates and non-downloaded files"".” - Quoted from the readme.txt",,,missing,v.1
NOAA,Paleoclimatology:  Historical,DOC - NOAA,Department of Commerce,National Oceanic and Atmospheric Administration,https://www.ncei.noaa.gov/products/paleoclimatology/historical,EDGI,NJY / naomi.yoder@envirodatagov.org,5/8/2026,All Archiving Done,,Yes,https://doi.org/10.5281/zenodo.19599945,"XLSX, PDF, JSON",https://docs.google.com/document/d/1Y04nA5nRLADLAKaSF0cdpJ3GFFWPv3ZLDJSRiu_VMeI/edit?tab=t.0,3.5,GB,3/24/2026,"Size is for downloaded, unzipped data - NJY",,metadata_DOC-NOAA_Paleoclimatology_Historical_njy_20260324_v1.docx,National Centers for Environmental Information:  Paleoclimatology Data - Historical,,Replication Data From:  NOAA Paleoclimatology - Historical,"Climatology/Climate Change, Geoscientific Information",,,https://www.ncei.noaa.gov/access/paleo-search/?dataTypeId=6,3/24/2026,,"“NCEI offers search and download of Paleoclimatic proxy data and Paleoclimate Reconstructions from the NOAA/World Data Service for Paleoclimatology archives. Over 10,000 data sets are available, derived from natural sources such as tree rings, ice cores, corals, and ocean and lake sediments. Use the General search box or Advanced search to improve filtering by investigators, locations, keywords and time periods. Data files for the entire result set, or a subset of it, can be downloaded as a single compressed file. A web service is also provided that you can use to get Paleo studies' metadata in JSON format. See the API help page for details and examples.” - Quoted from https://www.ncei.noaa.gov/access/paleo-search (accessed 3-24-26)

The search resulted in 65 studies, and all of the data were downloaded together.  An index of sorts can be found in the manifest.json or manifest.txt file.",Yes,No,Data were downloaded over a period of days:  2026-03-24 - 2026-03-26,"Department of Commerce, National Oceanic and Atmospheric Administration (DOC-NOAA)",https://doi.org/10.5281/zenodo.19599945,"naomi yoder, Environmental Data and Governance Initiative / Public Environmental Data Partners, naomi.yoder@envirodatagov.org (RocketChat handle @naomi)",4/15/2026,Thousands of years,No,,,,"“Please cite original publication, onlineResourceLink and date accessed when using these data. If there is no publication information, please cite investigator, title, online resource and date accessed. All of this information is located in the JSON Metadata record associated with each data file in the manifest.txt file section ""one entry per file that matched the search params, including duplicates and non-downloaded files"".” - Quoted from the readme.txt",,,missing,v.1
NOAA,Paleoclimatology:  Ice Core,DOC - NOAA,Department of Commerce,National Oceanic and Atmospheric Administration,https://www.ncei.noaa.gov/products/paleoclimatology/ice-core,EDGI,NJY / naomi.yoder@envirodatagov.org,5/8/2026,All Archiving Done,,Yes,https://doi.org/10.5281/zenodo.19582659,"XLSX, PDF, JSON",https://docs.google.com/document/d/1C6ubK4x7XCi1qQ2vKNfOYiJh4EvtOd4DzqXf8ZMn2GY/edit?tab=t.0,1.2,GB,,"Size is for downloaded, unzipped data - NJY",,metadata_DOC-NOAA_Paleoclimatology_IceCore_njy_20260324_v1.docx,National Centers for Environmental Information:  Paleoclimatology Data - Ice Core,,Replication Data From: NOAA Paleoclimatology - Ice Core,"Climatology/Climate Change, Geoscientific Information",,,https://www.ncei.noaa.gov/products/paleoclimatology/ice-core,3/25/2025,,"“NCEI offers search and download of Paleoclimatic proxy data and Paleoclimate Reconstructions from the NOAA/World Data Service for Paleoclimatology archives. Over 10,000 data sets are available, derived from natural sources such as tree rings, ice cores, corals, and ocean and lake sediments. Use the General search box or Advanced search to improve filtering by investigators, locations, keywords and time periods. Data files for the entire result set, or a subset of it, can be downloaded as a single compressed file. A web service is also provided that you can use to get Paleo studies' metadata in JSON format. See the API help page for details and examples.” - Quoted from https://www.ncei.noaa.gov/access/paleo-search (accessed 3-24-26)

“The World Data Service (WDS) for Paleoclimatology maintains archives of ice core data from polar and low-latitude mountain glaciers and ice caps throughout the world. Proxy climate indicators include oxygen isotopes, methane concentrations, dust content, and many other parameters.” - quoted from https://www.ncei.noaa.gov/products/paleoclimatology/ice-core, accessed 4/14/2026",Yes,No,,"Department of Commerce, National Oceanic and Atmospheric Administration (DOC-NOAA)",https://doi.org/10.5281/zenodo.19582659,"naomi yoder, Environmental Data and Governance Initiative / Public Environmental Data Partners, naomi.yoder@envirodatagov.org (RocketChat handle @naomi)",,Thousands of years,No,,,,"“Please cite original publication, onlineResourceLink and date accessed when using these data. If there is no publication information, please cite investigator, title, online resource and date accessed. All of this information is located in the JSON Metadata record associated with each data file in the manifest.txt file section ""one entry per file that matched the search params, including duplicates and non-downloaded files"".” - Quoted from the readme.txt",,,missing,v.1
CDC,Pregnancy Mortality Surveillance System (PRSS),DHHS - CDC,Department of Health and Human Services,Centers for Disease Control and Prevention,https://www.cdc.gov/maternal-mortality/php/pregnancy-mortality-surveillance/index.html or https://www.cdc.gov/maternal-mortality/php/pregnancy-mortality-surveillance-data/?CDC_AAref_Val=https://www.cdc.gov/maternal-mortality/php/pregnancy-mortality-surveillance/index.html,Harvard/BU CAFE,AA,8/20/2026,All Archiving Done,,Yes,https://dataverse.harvard.edu/dataset.xhtml?persistentId=doi:10.7910/DVN/NLIFTL,CSV,https://docs.google.com/document/d/1ZybTPUlsF-Z6zSZr7UXWXVZdAXH5cP2taRa84-Qxn6M/edit?tab=t.0,4.2,MB,3/31/2025,"Metadata not accessible (NJY 8/11/2026).  Multple data tables. First source link indicated that the page has been moved, unsure if anything else has changed ",,Metadata_DHHS-CDC_Pregnancy Mortality_AA_20250324_v1.docx,The Pregnancy Mortality Surveillance System (PMSS),,Extracted Data From: Pregnancy Mortality Surveillance System,Public Health,Mortality; Public Health,"Medicine, Health and Life Sciences
Keyword",https://www.cdc.gov/maternal-mortality/php/pregnancy-mortality-surveillance/index.html,3/24/2025,,"This submission includes publicly available data extracted in its original form. Please reference the Related Publication listed here for source and citation information:
Hall WJ, Chapman MV, Lee KM, et al. Implicit racial/ethnic bias among health care professionals and its influence on health care outcomes: a systematic review. Am J Public Health. 2015;105:e60–e76.

If you have questions about the underlying data stored here, please contact The Centers for Disease Control and Prevention. If you have questions or recommendations related to this metadata entry and extracted data, please contact the CAFE Data Management team at: climatecafe@bu.edu.

""The Centers for Disease Control and Prevention (CDC) conducts national surveillance to better understand the causes of pregnancy-related deaths. The Pregnancy Mortality Surveillance System (PMSS) defines a pregnancy-related death as a death during or within 1 year of the end of pregnancy from any cause related to or aggravated by the pregnancy. Medical epidemiologists review and analyze applicable vital records, and additional available data from all 50 states, New York City, and Washington, DC. Beginning in 2020, data from Puerto Rico are included, and in 2021, data from Northern Mariana Islands are included in PMSS.""
[Quote from https://www.cdc.gov/maternal-mortality/php/pregnancy-mortality-surveillance/index.html] (2025-03-24)

Keywords added with the creation of this file, is not reflected in the Dataverse submission",,,"Cites: Hall WJ, Chapman MV, Lee KM, et al. Implicit racial/ethnic bias among health care professionals and its influence on health care outcomes: a systematic review. Am J Public Health. 2015;105:e60–e76. doi https://doi.org/10.2105/AJPH.2015.302903","The Centers for Disease Control and Prevention (CDC), Department of Health and Human Services (DHHS)",https://doi.org/10.7910/DVN/NLIFTL,Alexis Arlak,3/24/2025,Start Date: 1987-01-01; End Date: 2020-12-31,No,,,,"Terms and conditions were captured directly from CDC and are pasted below: ""The information provided using this website is only intended to be general summary information to the public. It is not intended to take the place of either the written law or regulations.""",,,4.2 MB,v1
CDC,Revealing the Structural and Chemical Properties of Copper-based Nanoparticles Released from Copper Treated Wood-Dataset,DHHS - CDC - NIOSH,Department of Health and Human Services,Centers for Disease Control and Prevention - National Institute for Occupational Safety and Health,https://data.cdc.gov/National-Institute-for-Occupational-Safety-and-Hea/Revealing-the-Structural-and-Chemical-Properties-o/gt7a-q73y/about_data,Harvard/BU CAFE,"Sarah Arena, sarah_arena@hms.harvard.edu",8/12/2026,All Archiving Done,,Yes,https://doi.org/10.7910/DVN/JWQRGB,,https://docs.google.com/document/d/1m0WZNFutEFhqY8nfbupyM9ziD_bx5tuwtG1RaVUAKns/edit?tab=t.0,8,MB,,,,metadata_DHHS-CDC_CopperNanoparticles_SA_20260211_v2.docx,Revealing the Structural and Chemical Properties of Copper-based Nanoparticles Released from Copper Treated Wood-Dataset,,Extract from: Revealing the Structural and Chemical Properties of Copper-based Nanoparticles Released from Copper Treated Wood-Dataset,Public Health,,"Earth and Environmental Sciences; Medicine, Health and Life Sciences",https://data.cdc.gov/National-Institute-for-Occupational-Safety-and-Hea/Revealing-the-Structural-and-Chemical-Properties-o/gt7a-q73y/about_data,2/11/2026,,"[Quote from: https://data.cdc.gov/National-Institute-for-Occupational-Safety-and-Hea/Revealing-the-Structural-and-Chemical-Properties-o/gt7a-q73y/about_data ]:
“Copper-based preservatives consisting of micronized and nanoscale copper particles have been widely used in applications for wood protection. The presence of micronized/nanoscale particles and soluble aqueous copper in copper-treated wood has raised questions regarding the forms of released particles and the potential hazards of exposure during the use of these products. However, the lack of a comprehensive understanding of the chemistry of these Cu species is limiting the future investigation of the toxicity of these materials and their potential health impact on workers. In this work, we used a combination of scanning transmission electron microscope (STEM) and electron energy loss spectroscopy (EELS) to analyze the particles released during the sanding/sawing of copper-treated lumber. We have demonstrated using EELS Cu L2,3 edges with comparative reference spectra to determine the Cu species. Three types of species, including basic copper carbonate (BCC), Cu(0), and Cu(II)-Wood complex, were identified in released wood dust particles. The unbound copper particles also exist as a form of BCC or reduced Cu(0). The morphologies and chemical states of emitted copper particles indicate the potential chemical transformation due to copper-wood interactions.”

Specialized keywords: copper-based preservatives, copper-treated lumber, copper-wood interaction

This submission includes publicly available data extracted in its original form. Please reference the Related Publication listed here for source and citation information.

If you have questions about the underlying data stored here, please contact National Institute for Occupational Safety and Health (CDC), Glenn Doyle, sa-cin-webteam@cdc.gov. If you have questions or recommendations related to this metadata entry and extracted data, please contact the CAFE Data Management team at: climatecafe@bu.edu.",No,No,,"Department of Health and Human Services (DHHS], Centers for Disease Control and Prevention (CDC).  Glenn Doyle, Health Effects Laboratory Division, Chemical and Biological Monitoring Branch",https://doi.org/10.7910/DVN/JWQRGB,"Sarah Arena, climatecafe@bu.edu",2/11/2026,"Last updated 2026, January 14",No,,,,"Terms and conditions were captured directly from CDC and are pasted below:

""Most of the information on the CDC and ATSDR websites is not subject to copyright, is in the public domain, and may be freely used or reproduced without obtaining copyright permission.

There are, however, a few exceptions. A federal government website may have a mix of public domain and copyright-protected materials. First, some resources, as well as images, on the CDC and ATSDR websites are restricted in their use because they were developed by government contractors or grantees, or have been licensed by a third party. Second, the U.S. government work designation does not apply to works of state and local governments; works of state and local governments may be protected by copyright. Third, copyright laws also differ internationally. While U.S. federal copyright laws may not protect U.S. government works outside the United States, the work may still be protected under the copyright laws of other countries when used in these jurisdictions. Copyright-protected materials featured on the CDC and ATSDR websites should include a copyright statement. However, if in doubt, please write to the contact point for that site.

The following requirements must be followed to utilize CDC’s public domain content:

1) Attribution to the agency that developed the material must be provided in your use of the materials. Such attribution should clearly state the materials were developed by CDC ATSDR and/or HHS (e.g., “Source: CDC”; “Materials developed by CDC”);

2) You must utilize a disclaimer which clearly indicates that your use of the material, including any links to the materials on the CDC, ATSDR or HHS websites, does not imply endorsement by CDC, ATSDR, HHS or the United States Government of you, your company, product, facility, service or enterprise. All such disclaimers must be prominently and unambiguously displayed (e.g., “Reference to specific commercial products, manufacturers, companies, or trademarks does not constitute its endorsement or recommendation by the U.S. Government, Department of Health and Human Services, or Centers for Disease Control and Prevention;

3) You may not change the substantive content of the materials; and

4) You must state that the material is otherwise available on the agency website for no charge.""",,,8 MB,V.2 (8/12/2026 - cleaning up the metadata - NJY)
EPA,RSEI - Current Queries,EPA - ORD,Environmental Protection Agency,Office of Research and Development,https://gaftp.epa.gov/RSEI/Current_Version/V2312_RY2022/RSEI_Queries/,EDGI,NJY / naomi.yoder@envirodatagov.org,8/20/2026,All Archiving Done,,Yes,https://zenodo.org/records/17290413,,https://docs.google.com/document/d/13vuTLb6oImhkEyZdJ8waEBbKIMyoq0Pg9yv-TXmYtVI/edit?usp=drive_link,1,GB,7/15/2025,,,Metadata_EPA_RSEI_CurrentQueries_njy_20251007.docx,RSEI Queries,,"Replication Data for:  Environmental Protection Agency (EPA) Risk-Screening Environmental Indicators (RSEI) Current Version, Queries","Demographics, Environment, Health, Pollution, Society",,,https://gaftp.epa.gov/RSEI/Current_Version/V2312_RY2022/RSEI_Queries/,7/21/2025,,"Data for United States Environmental Protection Agency (EPA) Risk Screening Environmental Indicators (RSEI) model Disaggregated Grid Cell, Queries (data version 2022). Original data were downloaded 25 July 2025 from https://gaftp.epa.gov/RSEI/Current_Version/V2312_RY2022/RSEI_Queries/. From: <https://www.epa.gov/rsei/ways-get-rsei-results>

RSEI Queries. A small Microsoft Access database containing sample queries that allow users to extract data directly from the RSEI tables, which are distributed from a separate MySQL relational database. Users must have Microsoft Access 2007 or later, at least 2 gigabyte (GB) random access memory and at least 4 GB of hard drive space. RSEI Queries is for users already familiar with RSEI and Microsoft Access, who have specific data needs that are not easily met with EasyRSEI, and who know generally which datasets they want for analytical purposes.  RSEI Queries Version 2.3.12 contains TRI data from 1988 through 2022, as frozen in the fall of 2023 for EPA's TRI National Analysis dataset.  RSEI Queries is available on the RSEI ftp site.",No,No,,EPA,"https://doi.org/10.5281/zenodo.17290028 v1
https://doi.org/10.5281/zenodo.17290413 v2","naomi yoder, naomi.yoder@envirodatagov.org",10/7/2025,1988 - 2022,No,,,,,,missing,missing,Version 2
EPA,RSEI - Current Shapefiles,EPA - ORD,Environmental Protection Agency,Office of Research and Development,https://gaftp.epa.gov/RSEI/Shapefiles/,EDGI,NJY / naomi.yoder@envirodatagov.org,5/8/2026,All Archiving Done,,Yes,https://zenodo.org/records/17290438,,https://docs.google.com/document/d/17lxGHv7Vrjvoa1-UkLpo8ncsVMj-v2eAPWIynCiHkG0/edit?usp=drive_link,4.1,GB,7/22/2025,,,Metadata_EPA_RSEI_CurrentShapefiles_njy_20251007.docx,RSEI Shapefiles,,"Replication Data for:  Environmental Protection Agency (EPA) Risk-Screening Environmental Indicators (RSEI) Current Version, Shapefiles","Demographics, Environment, Health, Pollution, Society",,,https://gaftp.epa.gov/RSEI/Shapefiles/,7/22/2025,,"Data for United States Environmental Protection Agency (EPA) Risk Screening Environmental Indicators (RSEI) model Disaggregated Grid Cell, Shapefiles (data version 2022). Original data were downloaded 22 July 2025 from https://gaftp.epa.gov/RSEI/Shapefiles/. 

The following is from: <https://www.epa.gov/rsei/ways-get-rsei-results>
RSEI crosswalks and shapefiles. RSEI crosswalks allow you to transpose data from the RSEI grid-based system to Census blocks, and shapefiles provide grid geometry for mapping RSEI Geographic Microdata. Both sets of files are available on the RSEI ftp site.",No,Yes - included in the archive [RSEI Data Dictionary_ Shapefiles (Grid geography) _ US EPA.pdf],"More from: <https://www.epa.gov/rsei/ways-get-rsei-results> 
What's new in the latest version of RSEI: Version 2.3.12 (RY 2022)
Each new version of RSEI incorporates the latest Toxics Release Inventory (TRI) data, as well as changes to the input data and the methodology used to process the data and present the results. The following changes were made in Version 2.3.12, released in March 2024:
Includes TRI reporting years 1988-2022.
Toxicity weights have been updated with the most recent toxicity data.
Stack parameters have been improved. Data from the 2020 NEI are used along with the 2005, 2008, 2011, 2014, and 2017 NEI. 
Census data from the 2020 U.S. decennial census are now used to create population estimates at the RSEI grid-cell level, in addition to decennial census data from 1990, 2000, and 2010.",EPA,"https://doi.org/10.5281/zenodo.17290438
v1","naomi yoder, naomi.yoder@envirodatagov.org",10/8/2025,1988 - 2022,Yes,standard Albers equal-area projection (NAD 83),Shapefiles,Grid,,,missing,missing,Version 1
EPA,RSEI - Water Microdata 2022,EPA - ORD,Environmental Protection Agency,Office of Research and Development,http://abt-rsei.s3-website-us-east-1.amazonaws.com/?prefix=microdata2022/water/,EDGI,NJY / naomi.yoder@envirodatagov.org,5/8/2026,All Archiving Done,,Yes,https://dataverse.harvard.edu/dataset.xhtml?persistentId=doi:10.7910/DVN/JN0OUZ,,https://docs.google.com/document/d/1gVEnWDkIbyExUgXiQWPNJo1uLheOSzdLdeSPWhmhvaQ/edit?usp=drive_link,10.9,GB,,metadata here:  https://www.epa.gov/system/files/documents/2024-08/rsei-documentation-geographic-microdata-august-2024.pdf,,Metadata_EPA_RSEI_WaterMicrodata2022_njy_20251008.docx,RSEI Water Microdata 2022,,"Replication Data for:  Environmental Protection Agency (EPA) Risk-Screening Environmental Indicators (RSEI), Water Microdata, 2022","Demographics, Environment, Health, Pollution, Society","Air Pollution, Climate and Health Outcome, Climate Change and Socioeconomic Scenarios, Cumulative Risk, Demographic, Environment, Environmental Health, Exposure, Freshwater, Health, Health Disparity, Health Equity, Health Hazard, Public Health, Risk, Sociodemographic Vulnerability, Socioeconomic Status (SES), Toxin, Vulnerability",Social Sciences,http://abt-rsei.s3-website-us-east-1.amazonaws.com/?prefix=microdata2022/water/,7/22/2025,,"Data for United States Environmental Protection Agency (EPA) Risk Screening Environmental Indicators (RSEI) model Water Microdata (data version 2022). Original data were downloaded 22 July 2025 from http://abt-rsei.s3-website-us-east-1.amazonaws.com/?prefix=microdata2022/water/. 

The following is from: <https://www.epa.gov/rsei/rsei-data-dictionary-water-geographic-microdata>
Water Microdata files come in two basic forms: yearly shapefiles/text files containing toxicity-weighted concentrations for each affected flowline, and all-years discharge-based text files which contain modeled concentrations for individual discharges at each downstream flowline. In both cases, on-site discharges from TRI reporters are distributed separately from discharges from publicly-owned treatment works (POTWs) resulting from off-site transfers from TRI reporters.",No,Yes - included in the archive [RSEI Data Dictionary_ Water Geographic Microdata _ US EPA.pdf],,EPA,https://dataverse.harvard.edu/dataset.xhtml?persistentId=doi:10.7910/DVN/JN0OUZ,"naomi yoder, naomi.yoder@envirodatagov.org",10/8/2025,2022,Yes,standard Albers equal-area projection (NAD 83),Shapefiles,"Grid, line",https://www.epa.gov/rsei/how-rsei-should-be-used,,missing,missing,Version 2
EPA,"Safe Drinking Water Information System (SDWIS), Summaries, Service Lines 2013 - 2026 Q1",EPA,Environmental Protection Agency,,https://www.epa.gov/ground-water-and-drinking-water/safe-drinking-water-information-system-sdwis-federal-reporting; https://echo.epa.gov/files/echodownloads/,EDGI,NJY / naomi.yoder@envirodatagov.org,6/29/2026,All Archiving Done,,Yes,https://doi.org/10.5281/zenodo.20938967,XLSX,https://docs.google.com/document/d/1A1cqMkUGd8i6ONMC6r5uLFbbow_K-Wfq736IQ2WwfD4/edit?tab=t.0,5.78,GB,,12-5-25 - NJY has the SDWA download.  12-3-25 - NJY working on it.  This is included in the ECHO database (in part. will check if there is additional data that is not included in ECHO). Information about public water systems and their violations of EPA's drinking water regulations. Locate drinking water suppliers and view violations and enforcement history for the last ten years. Included in ECHO database.  NJY still to download reports:  https://sdwis.epa.gov/ords/sfdw_pub/r/sfdw/sdwis_fed_reports_public/200,,metadata_EPA_SDWIS_2025Q3_njy_20260626_v1.docx,Safe Drinking Water Information System (SDWIS) Federal Reporting Services,,"Extracted Data From:  EPA Safe Drinking Water Information System (SDWIS), Summaries, Service Lines 2013 Q4 - 2026 Q1","Environment, Inland Waters, Public Health, Utilities/Communication",,,https://www.epa.gov/ground-water-and-drinking-water/safe-drinking-water-information-system-sdwis-federal-reporting,11/13/2025,,"“Welcome to the SDWIS Fed Reporting Services system. This system offers the capability to query the Safe Drinking Water Information System (SDWIS) Fed Data Warehouse via report filters and various reporting options. 
Data management plays a critical role in helping states and EPA to protect public health. The term ""states"" refers to any entity with primacy under the Safe Drinking Water Act (SDWA) to implement and enforce national drinking water regulations. States supervise the public water systems within their jurisdictions to ensure that each system meets state and EPA standards for safe drinking water. 
The Safe Drinking Water Act requires states to report drinking water information periodically to EPA. This information is maintained in a federal database, the SDWIS Fed Data Warehouse.
What information is included in the SDWIS Fed Data Warehouse?
States report the following information to EPA: 
Basic information about each public water system, including: 	
the system's name
ID number
city or county served
number of people served
type of system (residential, transient, non-transient)
whether the system operates year-round or seasonally
characteristics of the system's source(s) of water	
Violation information for each public water system, including whether the system has: 	
failed to follow established monitoring and reporting schedules
failed to comply with mandated treatment techniques
violated any Maximum Contaminant Levels (MCLs)
failed to communicate required information to their customers	
Enforcement information, including actions states or EPA have taken to ensure that a public water system returns to compliance if it is in violation of a drinking water regulation” - Quoted from https://www.epa.gov/ground-water-and-drinking-water/safe-drinking-water-information-system-sdwis-federal-reporting (accessed 4/17/2026)",No,No,"Original request asked for SDWIS for 2025Q3, and those data were downloaded in Nov. 2025.  However, returning to the datasets in 2026, other associated data were discovered and also downloaded, so the data were downloaded at either end of a period of 7 months, 11-13-2025 to 6-18-2026.",EPA (Environmental Protection Agency),https://doi.org/10.5281/zenodo.20938967,"naomi yoder, Environmental Data and Governance Initiative / Public Environmental Data Partners, naomi.yoder@envirodatagov.org (RocketChat handle @naomi)",6/26/2026,2013-10-01 to 2026-03-31,No,,,,"Quoted from https://www.epa.gov/accessibility/epa-accessibility-statement , (accessed 06-26-2026):
“Digital Accessibility (Section 508)
EPA is committed to providing equitable access to ICT for all. To meet this commitment, EPA will comply with the requirements of Section 508 of the Rehabilitation Act of 1973 (29 U.S.C § 794 (d)). You can read more about how the EPA implements Section 508 as a policy and through procedures.
Section 508 requires agencies to ensure federal employees and members of the public with disabilities have access, and use of information and data unless an undue burden would be imposed on the agency. Access provided to individuals with disabilities must be comparable to access provided to individuals without disabilities.
When the development, procurement, maintenance, or use of electronic and information technology that meets the Section 508 standards would impose an undue burden; the EPA shall provide individuals with disabilities an alternative means of accessing the information or data.
The Section 508 standards are the technical requirements and criteria used to measure conformance within this law. In 2018, Revised Section 508 Standards went into effect. This update harmonized the standards with other guidelines and standards in the U.S. and abroad, including the Web Content Accessibility Guidelines (WCAG 2.0) from the World Wide Web Consortium (W3C). WCAG is a globally recognized voluntary consensus standard for web content and ICT. More information on Section 508 and the technical standards can be found at Section508.gov
If you have any questions or comments about Section 508 at the EPA please email the Section 508 Program Manager, Sarah Sorathia.”",,,missing,v.1
EPA,Science Inventory,EPA,Environmental Protection Agency,,https://cfpub.epa.gov/si//,EDGI,NJY / naomi.yoder@envirodatagov.org,5/8/2026,All Archiving Done,Needs scripting,Yes,https://doi.org/10.7910/DVN/SNYNKQ (main site; chunks); https://doi.org/10.7910/DVN/RRPGWI (NEPIS); https://doi.org/10.7910/DVN/JCWZMA (Presentations);  https://doi.org/10.7910/DVN/JB58ON (Reports); https://doi.org/10.7910/DVN/UAABZK (Raw Files),pdf,https://docs.google.com/document/d/10-1pNB9KTzfLkHxop3wtEBwk4LttY6PDfFnlp01fPvI/edit?usp=drive_link,31.7,GB,,"[Size is for the ""main site"" and is the download size of the zip files as archives - NJY] two steps to URLs with downloads. Was blocked on 2/14 but appears as of 2/21.  accessible as of 9/19/25.  over 30,000 files

The Science Inventory is a searchable metadata catalog of EPA research outputs linking to static PDFs. While the dataset count is large, the interface is crawlable via URL parameters. A scripted crawler can enumerate all records and download PDFs.",,Metadata_EPA_ScienceInventory_njy_20251229.docx,Environmental Protection Agency (EPA) Science Inventory,EPA Science Inventory,Extracted Data From:  Environmental Protection Agency (EPA) Science Inventory,Environment,"Basic Research, Environment",Earth and Environmental Sciences,https://cfpub.epa.gov/si/index.cfm,10/21/25 - 10/28/25,,"This archive has a focus on Reports and Presentations.  

From the Original URL website (https://cfpub.epa.gov/si/index.cfm):  “The Science Inventory is a searchable database of research products primarily from EPA's Office of Research and Development. Science Inventory records provide descriptions of the product, contact information, and links to available printed material or websites.”

Also documented in the epaSI_readme.docx in this archive, the Science Inventory consists of 94,428 records. This repository captured PUBLISHED REPORTs as well as PRESENTATIONs, although in the end the files were not clearly categorized in any one way.  

The records were uncategorized in the above way upon download.  Instead, the records are organized by index (Title and Entry ID number, plus page number of entry).  

The downloads from the Science Inventory (SI) occurred using a set of scripts that scraped the website, then downloaded, and then catalogued.  The website is separated into three main categories: 
- Reports
- Presentations
- All others
All of the types were downloaded together.  The contents of each category are also presented in duplicate using their category, for findability.  However, the exception to this are the NEPIS files (National Service Center for Environmental Publications, also known as NSCEP).  These files have a special download mechanism, where downloads are restricted by the hour and frequency of download request.  Thus, it is not clear that all NEPIS files are captured. 
The files are presented in archives by category (report, presentation, NEPIS), and then by page count, and then by all together.  For the latter, the indexes are the combined 7 indexes as listed below. 
For files with duplicate filenames, the title of the item was used (from the scraped records), with “filler” words stripped out.
The downloads have been broken into chunks by “pages” of returns from the SI site. The scraper catalogued into pages of 25 records each, and thus the download process was handled by page count:
1 – 100
101 – 500
501 – 1000
1001 – 1250
1251 – 2000
2001 – 3000
3001 – 4000
 
Scripts:
epa_SI_uncat_scraper1.py (Oct 29, 16KB)
Purpose: Scrapes EPA Science Inventory for all document types EXCEPT journals, creates a CSV index
Scope: Configurable page ranges (default 1-10)
Features: Extracts metadata and download URLs from multiple document types (reports, books, data/software, etc.)
Main Features:
1. **Multiple URL Columns**: Auto-detects columns starting with 'url' (or you can specify them manually). Handles up to 31 URL columns.
 
2. **Intelligent Filename Logic**:
   - **Single download per row**: Uses native filename
   - **Multiple downloads per row**: Adds title prefix (first 4 non-filler words)
   - **Duplicate filenames across records**: Adds letter suffix (a, b, c, etc.)
 
3. **Filler Word Filtering**: Removes common filler words (to, the, of, and, at, in, for, a, an) when creating title prefixes.
 
4. **Two-Pass Processing**:
   - Pass 1: Collects all download information
   - Pass 2: Downloads files and applies appropriate naming
 
## Key Changes from Original:
- `download()` now returns `(success, native_filename)` tuple
- New `extract_title_prefix()` function for creating prefixes
- Tracks filename usage with `filename_counter` and `filename_usage` dictionaries
- Automatically renames files after download based on conflict detection
- Provides a conflict report at the end showing which filenames were duplicated
 
## Usage:
```python
process_csv(
    csv_file=""your_file.csv"",
    url_columns=None,  # Auto-detect or specify ['url', 'url1', 'url2', ...]
    title_column='title',  # Column with record titles
    output_dir='downloads',
    max_rows=None  # For testing, set to a number
)
 
epa_multi_url_and_nepis_download3.py (Nov 5, 28KB)
Purpose: Purpose: Downloads files from CSV created by scrapers + handles NEPIS URLs.  Enhanced version of the downloader with better NEPIS handling
Key feature: Has get_nepis_download_url() function that parses NEPIS popup pages to find actual PDF download links
NEPIS handling: Constructs popup URL (Display=p%7Cf), parses HTML for PDF link, handles JavaScript patterns using BeautifulSoup/requests
Key additions:  Handles multiple URL formats per record; Better filename sanitization; Title-based prefixes for files; Duplicate tracking; Statistics by domain
 
epa_nepis_parse_manual1.py (Nov 6, 17KB)
Purpose: Separates NEPIS URLs from regular downloads for manual processing
Key feature: Creates separate CSV files for NEPIS vs non-NEPIS URLs
Use case: When automated NEPIS parsing fails, this prepares files for manual download
 
The workflow was:
epa_SI_uncat_scraper1.py - Generate index of all documents
epa_multi_url_and_nepis_download3.py - Download most files (with best NEPIS handling)
epa_nepis_parse_manual1.py - For stubborn NEPIS files that fail automation, separate them for manual download
 
Scraper scripts are available in the archive, and in GitHub.
As of 11/6/2025
-         	Scraped 94,031 entries
-         	Of those, 1,718 are have NEPIS links associated with them
-         	Of the non-NEPIS entries (92,313), there are 12,002 files from entries.
-         	Of the NEPIS associated entries (that is, NEPIS links in any download column), 225 were download urls in columns that were not NEPIS, and of those, only 70 were actual downloads.  The remainder of the 225 did not contain valuable content (that is, they either have “NTIS contact” listed, or a “follow the URL” sentence, or instruction to “contact the Program Officer” as the only page in a pdf.

Originally, an advanced search revealed that the records belonged to the following categories (number of records, category):
232 ASSESSMENT DOCUMENTs
1380 BOOKs
1340 BOOK CHAPTERs
276 COMMUNICATION PRODUCTs
25 CRITERIA DOCUMENTs
0 DATA/SOFTWARE
177 EPA PUBLISHED PROCEEDINGS
233 ETV DOCUMENTs
147 EXTRAMURAL DOCUMENTs
232 IRIS ASSESSMENTs
23395 JOURNALs
289 NEWSLETTERs
191 NEWSLETTER ARTICLEs
0 NON-EPA PUBLISHED PROCEEDINGS
15 PAPER IN EPA PROCEEDINGS
0 PAPER IN NON-EPA PROCEEDINGS
34077 PRESENTATIONs
4029 PUBLISHED REPORTs
5 RISK ASSESSMENT GUIDELINES
2516 SCIENCE ACTIVITies
524 SITE DOCUMENTs
407 SUMMARies
(subtotal:  69,490)
This would leave 24,938 as uncategorized records.

However, scraping and downloading scripts were not able to detect these categories; therefore, “Reports”, “Presentations” and the NEPIS catalogue were the three categories where files were archived into specific groupings.",Yes,No,"The archive for Science Inventory has a focus on Reports and Presentations.  

This metadata refers to several different archives.  There are five  archives containing the same information, or subsets of the information, and packaged differently.

Main archive = contains all downloaded files, packaged by download order, with indexes in chunks of 1,000 or fewer.
Zip files, index corresponds to the chunked dataset
All files
Reports archive = Reports only
Subset of files:  “Reports”
Presentations archive = Presentations only
Subset of files:  “Presentations”
NEPIS archive - NEPIS files only
Subset of files:  “NEPIS”
Raw archive - all raw data files with one master index
All files without categorization

The same scripts are included with each archive.",Environmental Protection Agency,https://doi.org/10.7910/DVN/SNYNKQ,naomi yoder,12/29/2025,1962 - 2025,No,,,,"From https://www.epa.gov/web-policies-and-procedures/epa-disclaimers : 
Disclaimer of Endorsement
Mention of or referral to commercial products or services, and/or links to non-EPA sites does not imply official EPA endorsement of or responsibility for the opinions, ideas, data, or products presented at those locations, or guarantee the validity of the information provided. Mention of commercial products/services on non-EPA websites is provided solely as a pointer to information on topics related to environmental protection that may be useful to EPA staff and the public.
Copyright Status
The U.S. Government retains a nonexclusive, royalty-free license to publish or reproduce these documents, or allow others to do so, for U.S. Government purposes. These documents may be freely distributed and used for non-commercial, scientific and educational purposes. Commercial use of the documents available from the EPA websites may be protected under the U.S. and Foreign Copyright Laws. Individual documents on the EPA website may have different copyright conditions, and that will be noted in those documents.
Exit Disclaimer
The Exit icon denotes that you are leaving the EPA website and entering an external link or a third-party site.
EPA's official web site is www.epa.gov. EPA has provided this link because it provides additional information that may be useful or interesting and is being provided in a manner consistent with the intended purpose of the EPA website. Please note that EPA uses third-party sites to provide EPA content already on www.epa.gov in a different format.
EPA cannot attest to the accuracy of non-EPA information provided by these third-party sites or any other linked site. EPA is providing these links for your reference. In doing so, EPA does not endorse any non-government websites, companies or applications.
Also, please be aware that the privacy protection provided on the EPA.gov domain (EPA Privacy and Security Notice) does not apply to these third-party sites. To learn more about EPA and social media, please refer to& our social media page.
Notice
Information from the EPA website resides on numerous computer systems funded by the Agency. The use of the EPA websites may be monitored for computer security purposes. Any unauthorized access to the EPA website is prohibited and is subject to criminal and civil penalties under federal laws including, but not limited to, Public Law 99-474, the Computer Fraud and Abuse Act of 1986.","From https://www.epa.gov/web-policies-and-procedures/epa-disclaimers : 
Disclaimer of Liability
With respect to documents available from the EPA website, neither the United States Government nor any of their employees, makes any warranty, express or implied, including the warranties of merchantability and fitness for a particular purpose, or assumes any legal liability or responsibility for the accuracy, completeness, or usefulness of any information, apparatus, product, or process disclosed, or represents that its use would not infringe privately owned rights.",missing,missing,V. 1
HUD,Socio-Demographic Data Dashboards,HUD,Department of Housing and Urban Development,,https://www.huduser.gov/portal/dataset/socio-demographic-dashboards.html,EDGI,NJY / naomi.yoder@envirodatagov.org,6/30/2026,All Archiving Done,,Yes,https://doi.org/10.5281/zenodo.21084724,"csv, GeoJSON",https://docs.google.com/document/d/1c-Rc_gmIpiO3irStu43j1KlBjVRVngHJwDW6eevtvkk/edit?tab=t.0,1.34,GB,,,,metadata_HUD_SociodemographicDashboard_njy_20260630_v1.docx,Socio-Demographic Data Dashboards,,Extracted Data From:  HUD Socio-Demographic Data Dashboards,"Demographics, Economy, Society, Structure",,,https://www.huduser.gov/portal/dataset/socio-demographic-dashboards.html,1/23/2025,,"Quoted from https://www.huduser.gov/portal/dataset/socio-demographic-dashboards.html (accessed 6/30/2026): 
“The U.S. Department of Housing and Urban Development (HUD) has created interactive dashboards that display maps, tables, and charts of local housing, economic, and demographic conditions for each FY23 HUD Jurisdiction. These dashboards can help local governments, Public Housing Agencies (PHAs), states, and community organizations assess housing needs, prepare HUD reports, and advance local housing, and community development goals. The dashboards use data from the 2017-2021 5-Year American Community Survey, the Department of Transportation ETC Explorer, the Environmental Protection Agency Facility Registry Service, internal HUD administrative data, and other sources.
For this dashboard, a jurisdiction is defined as any PHA or unit of local government (city, township, county, municipality, etc.) receiving HUD funding through the Community Development Block Grant (CDBG), Emergency Solutions Grant (ESG), Housing Opportunities for Persons with AIDS (HOPWA), or the HOME Investment Partnerships Program. HUD specific jurisdiction boundaries will likely differ from official U.S. Census geographic boundaries, so users should prioritize using HUD-defined jurisdictions in reports.”",No,No,MacOSX data downloaded 3/30/2026,HUD (Department of Housing and Urban Development),https://doi.org/10.5281/zenodo.21084724,"naomi yoder, Environmental Data and Governance Initiative / Public Environmental Data Partners, naomi.yoder@envirodatagov.org (RocketChat handle @naomi)",6/30/2026,2023 Fiscal Year,No,,,,"Contained in the PDF titled “Socio-Demographic_Data_Dashboards_Technical_Appendix_January_2025.pdf”, and accessed from this site https://www.huduser.gov/portal/sites/default/files/pdf/Socio-Demographic_Data_Dashboards_Technical_Appendix_January_2025.pdf (accessed 6/30/2026)",,,missing,v.1
BEA,State and Territory Data,DOC - BEA,Department of Commerce,Bureau of Economic Analysis,https://www.bea.gov/index.php/data/by-place-states-territories,EDGI,NJY / naomi.yoder@envirodatagov.org,4/23/2026,All Archiving Done,Needs scripting,Yes,https://doi.org/10.5281/zenodo.17784012,"XLSX, PDF, JSON, XML",https://docs.google.com/document/d/1Y_3i5tXg3bFnC5zTfp76h3uSM6JUvcQu4o5hMkj0l7g/edit?tab=t.0,5.5,MB,9/26/2025 - 9/29/2025,"Download data from interactive tables as PDF or CSV, use API to get JSON and XML, also has python and R packages. Seperate Methology PDFs. ",,Metadata_DOC-BEA_States_njy_20251201.docx,BEA Data By Place:  States,,Replication Data for: DOC - BEA Data by Place: States,"Demographics, Economy",,,https://www.bea.gov/index.php/data/by-place-states-territories,9/26/2025,,"Data are from the Department of Commerce - Bureau of Economic Analysis (DOC - BEA).  The BEA website lists the following items available [quoted from the landing page (https://www.bea.gov/index.php/data/by-place-states-territories); accessed 12/01/2025]:
States
GDP by State with Industry Detail
 State counterpart of national GDP, including industries' contributions to each state economy
Consumer Spending by State
 Spending by residents of the 50 states and D.C.
Real Consumer Spending by State
 Consumer spending adjusted for state price level differences and national inflation
Personal Income by State
 Wages, proprietors' income, dividends, interest, rents, and other income received by each state's residents
Real Personal Income by State and Metro Area
 Personal income adjusted for state and metro area price level differences and national inflation
Regional Price Parities by State and Metro Area
 Measure price levels that can be compared across states or metro areas
Employment by State
 Measures the number of jobs in all 50 states and D.C.
Activities of U.S. Affiliates of Foreign Multinational Enterprises by State
 Financial and operating data on U.S. affiliates of foreign parent companies
New Foreign Direct Investment by State
 Foreign investment to acquire, establish, or expand a U.S. business enterprise
Arts and Culture
 Showcases arts-related economic activity for the nation, all 50 states and D.C.
Outdoor Recreation
 Measures the outdoor recreation economy
Research and Development
 Measures the contribution of research and development to the U.S. and state economies
Economic Information for Coastal Areas
 Highlights coastal states and counties' personal incomes and earnings, and state GDP
Territories
GDP for American Samoa
GDP for the Commonwealth of the Northern Mariana Islands (CNMI)
GDP for Guam
GDP for Puerto Rico
 PIB de Puerto Rico
GDP for the U.S. Virgin Islands (USVI)
There are multiple geographic levels available, plus multiple metrics for each category as well.  These data are for the States and state level entities (i.e., Territories) listings.  BEA publishes data at a Local and National scale as well.  For all three geographic levels (Local, State, National), there are 519 table types available, listed in the file BEA_All_Tables_Comprehensive.csv.  However, for each table, there are often multiple time periods (Annual, Quarterly) as well. The full listing of all tables contained in the entire 3 datasets is in BEA_Inventory_Report.xslx.  The latter can also be examined for files only occurring in the States dataset where the “Directory” column is “BEA_States”.
Code for downloads and indexing and cataloging is available in both the BEA_Python_Scripts.zip and the GitHub repository at https://github.com/Public-Environmental-Data-Partners/scripts/tree/main/oneTimeHacks/BEA",No,No,Data were downloaded over several days 2025/09/26 - 2025/09/29,Department of Commerce - Bureau of Economic Analysis (DOC - BEA),https://doi.org/10.5281/zenodo.17784012,"naomi yoder, Environmental Data and Governance Initiative / Public Environmental Data Partners, naomi.yoder@envirodatagov.org (RocketChat handle @naomi, GitHub username @naomi-yoder)",12/1/2025,1901 - 2025,No,,,,"“The BEA Web site (www.bea.gov) is maintained under the direction of the U.S. Department of Commerce, an agency of the U.S. Government. The site contains official U.S. economic analysis data developed by BEA subject specialists and made accessible to the public through the BEA Web site and via BEA print publications. BEA seeks to strengthen the understanding of the U.S. economy and its competitive position by providing the most accurate and relevant Gross Domestic Product (GDP) and economic accounts data in a timely and cost-effective manner.
Organizations are free to link to the BEA Web site (www.bea.gov), and unless stated otherwise, the information posted on the BEA Web site is in the public domain and may be used or reproduced without specific permission. A citation such as ""Source: U.S. Bureau of Economic Analysis"" would be appreciated. Organizations may use the BEA logo on a Web page as an aid to establishing link identity, but use of the logo for any other purpose is prohibited.
As a U.S. Government agency, BEA is not permitted to endorse or recommend any commercial products or services that your organization may offer. Any reference or link that you establish to the BEA Web site must not contain information that suggests such an endorsement or recommendation by BEA. Similarly, any link that BEA determines should be placed on its official Web site will not contain information that endorses or recommends a referenced organization. Further, the BEA site does not accept advertising or provide promotional materials or services of any kind.”
https://www.bea.gov/about/policies-and-information/linking - accessed 11/24/2025","“BEA and the Department of Commerce have long-standing procedures that are designed to ensure that data dissemination to all interested members of the public occurs simultaneously. Furthermore, these procedures preserve the distinction between the policy-neutral release of data by statistical agencies and their interpretation by policy officials. The objectivity of BEA estimates is also fostered by the publication of methodologies and assumptions that allow a large number of economists and policy officials to replicate the estimates and thereby provide an independent check on the credibility and objectivity of the estimates. The BEA procedures adhere to the Office of Management and Budget (OMB) standards for data dissemination as described in ""Statistical Policy Directive on the Compilation, Release and Evaluation of Principal Federal Economic Indicators"", commonly known as Statistical Policy Directive No. 3. Although the Directive is aimed at principal economic indicators, a subset of economic indicators, the BEA procedures apply to all of the statistics it produces.
At BEA, strict procedures are followed to ensure that data are not disseminated before the official release time, except as authorized under Statistical Policy Directive No. 3. In order to protect its data from early release BEA:
Releases the data according to an announced schedule that minimizes the risk of pre-release access and instills confidence in the integrity of the data. The schedule is promulgated at least one year in advance and is immutable.
Limits access to data prior to release only to those with a clear need to know. There is no pre-release access or review outside of BEA by policy officials (all BEA staff are career employees) of the estimates, press release, or other materials related to the estimates.
Provides physical and computer security necessary to limit access to those with a need to know. (See the ""Integrity"" section of the Information Quality Guidelines.)
Ensures that no BEA employee inadvertently provides pre-release data to the media.
As provided for in Statistical Policy Directive No. 3, pre-release of principal economic indicators, GDP, Personal Income and Corporate Profits, is provided to the President through the Chairman of the Council of Economic Advisors. This release occurs only after the data have been approved and finalized within BEA and copies of materials for public release have been prepared.
Within one hour before the scheduled time of a news/public release of any data, the information to be released may be provided to the Under Secretary for Economic Affairs and other Commerce Department policy officials in a lock-up environment. There is no external communication of information from the lock-up until the time of public release.”
https://www.bea.gov/about/policies-and-information/data-dissemination - accessed 11/24/2025",missing,missing,v1
DHHS,Treatment Episode Data Set,DHHS - SAMHSA,Department of Health and Human Services,Substance Abuse and Mental Health Services Administration,https://www.samhsa.gov/data/data-we-collect/teds-treatment-episode-data-set,PEDP Volunteer,"Candice Weber (candice.w, candiceweber7@gmail.com)",8/13/2026,All Archiving Done,,Yes,https://doi.org/10.7910/DVN/JEMCQJ,"CSV, R, SAS, SPSS, Stata",https://docs.google.com/document/d/1GWnl-1e24gZ-4_8aMgJ6D3L_cfU_v6ZxoTBRC0os4p4/edit?usp=drive_link,10,GB,12/18/2025,Annual reports and raw data,,metadata_DHHS-SAMHSA_TEDS_CW_20260119_version1.docx,Treatment Episode Data Set (TEDS),,Extracted Data From: Treatment Episode Data Set,"Health, Public Health","behavioral health, health, health services research, health systems research, healthcare services, medical visit, substance use disorders","Medicine, Health, and Life Sciences",https://www.samhsa.gov/data/data-we-collect/teds-treatment-episode-data-set,12/18/2025,,"“The Treatment Episode Data Set is a national data system of annual admissions to and discharges from substance use treatment facilities that are licensed or certified by Single State Agencies (SSAs) to provide substance use treatment services.” 
Quoted from https://www.samhsa.gov/data/data-we-collect/teds-treatment-episode-data-set (accessed 8/13/2026)

“TEDS releases annual single-year and concatenated public use files (PUFs). These are full datasets treated with confidentiality protections. The PUFs contain information on demographic, clinical and substance use characteristics of persons admitted to treatment and type service at discharge, length of stay, and reason for discharge or discontinuation of services. Note, the codebook may not contain all variables.

Limitations:
Several limitations to the data exist:
The TEDS system is admission-based; therefore, TEDS admissions and discharges do not represent individuals. For example, an individual admitted to and discharged from treatment twice within a calendar year would be counted as two admissions and two discharges.
The data provide information on treatment in specific service types, derived from linked pairs of admission/discharge records. The data do not necessarily represent complete treatment episodes, which may include stays in multiple types of service and would require analysis of series of linked pairs of records.
The primary, secondary, and tertiary substances of misuse reported to TEDS are those substances that led to the treatment episode. This reporting does not necessarily account for all drugs used at the time of admission.
The way an admission is defined may vary from state to state, such that the absolute number of admissions is not a valid measure for comparing states.
States continually review the quality of their data processing. As states identify systematic errors, historical TEDS data files may be revised. While this process improves the data set over time, reported historical statistics may change slightly from year to year.
States vary in the extent to which coercion plays a role in referral to treatment. This variation derives from criminal justice practices and differing concentrations of substance-using subpopulations.
Public funding constraints may direct states to selectively target special populations, for example, pregnant women or adolescents.
Some states have no opioid treatment programs (OTPs) that provide medication-assisted therapy using methadone, buprenorphine, or naltrexone.
Methodology:
TEDS provides demographic, clinical, and substance use characteristics of admissions to alcohol or drug treatment in facilities that report to state administrative data systems. The unit of analysis is treatment admissions to state-licensed or certified substance use treatment centers that receive federal public funding.
TEDS has two parts: a minimum data set and a supplemental data set. All states provide a minimum data set, and some states provide a supplemental data set. The minimum data set consists of 19 items that include:
Demographic information
Primary, secondary, and tertiary substances used by the subject and their route of administration; frequency of substance use, and age at first use
Source of referral to treatment
Number of prior treatment episodes
Service type, including planned use of OTPs providing medication-assisted therapy using methadone, buprenorphine or naltrexone
For methodological information for a particular year or date range, please check the codebook for a specific data set above.”
Quote from: https://www.samhsa.gov/data/data-we-collect/teds-treatment-episode-data-set/datafiles",No,No,"“TEDS-A 2011-2002: Versions
2014-09-11: Recoded Midwest value in Region variable to correct value after inadvertent incorrect labeling of missing.”,
“TEDS-D 2009-2006: Versions
2013-11-27: Updated and released variable-level ddi file.”,
“TEDS-A 2001: Versions
2014-01-21: The data for this collection have been updated with a new data extract, current as of October 15, 2012”,
“TEDS-A 2000-1992 Versions
2013-11-27: Updated and released variable-level ddi file.”

Quotes from:
https://www.samhsa.gov/data/data-we-collect/teds-treatment-episode-data-set/datafiles","Department of Health and Human Services, Substance Abuse and Mental Health Services Administration (DHHS-SAMHSA)",https://doi.org/10.7910/DVN/JEMCQJ,"Weber, Candice",1/19/2026,1992-01-01 - 2023-12-31,No,,,,"“Our Policies
SAMHSA allows people to review and download public-use and restricted-use data files and documentation from this site. By using SAMHSA’s data, you agree to the Terms of Use listed on this page. 
Our Data Security 
SAMHSA is compliant with all relevant data security policies. Our system is hosted in the Substance Abuse and Mental Health Services Administration Information Technology (SAMHSA IT) environment. It is compliant with the standards defined by the Federal Information Security Modernization Act (FISMA). We have undergone certification and accreditation, and have been issued an Authority to Operate (ATO) by the SAMHSA Chief Information Officer (CIO). 
Our Research Data Centers
Research Data Centers (RDCs) are secure facilities that provide access to a range of restricted-use microdata for statistical purposes. SAMHSA partners with the National Center for Health Statistics (NCHS) to host restricted-use NSDUH data at its RDCs. SAMHSA is the most recent federal partner to work with NCHS in making NSDUH restricted-use microdata available to approved researchers at RDC sites. Eligible researchers may now apply for access to these data through SAMHSA’s RDC website. 
Our Terms of Use
Please read the Terms of Use below. By continuing to use this site, you signify your agreement and intent to follow them.
Promise of Confidentiality
This is a promise to a respondent or research participant that the information they provide will remain confidential. By this, we mean specifically that: 
It will not be disseminated in identifiable form without the permission of the respondent. 
The fact that the respondent participated in the study will not be disclosed. 
Disseminated information will not include linkages to the identity of the respondent.
Such a promise encompasses traditional notions of both confidentiality and anonymity. In most cases, federal law protects the confidentiality of the respondent’s identity. This is referenced in the Promise of Confidentiality. Under this condition, names and other identifying information about respondents would be confidential. 
Research Subjects
A research subject is a person or organization that participates in a research study. A research subject may also be called a respondent. A respondent is generally:
A survey respondent or informant
An experimental or observational subject 
A focus group participant 
Any other person providing information to a study 
Privacy of Research Subjects
Any intentional identification of a research subject violates the Promise of Confidentiality. This is true whether an individual or an organization. Unauthorized disclosure of confidential information from a subject also violates the Promise. Disclosure of confidential information may also be punishable under federal law. Users of data agree
To use these datasets solely for research or statistical purposes.
They cannot use it for re-identification of specific research subjects.
To make no use of the identity of any research subject discovered inadvertently.
Any such discovery like this should be reported to the Center for Behavioral Health Statistics and Quality (CBHSQ) at cbhsqrequest@samhsa.hhs.gov.
Disclaimer
SAMHSA bears no responsibility for your use of the data or your interpretations or inferences based upon such uses. 
Violations
If SAMHSA determines that this Terms of Use agreement has been violated, possible sanctions could include:
The Research Integrity Officer, The Institutional Review Board, or the Human Subjects Review Committee of the user’s institution.
A range of sanctions are available to put in place on institutions including revocation of tenure and termination 
The federal Office for Human Research Protections, if the confidentiality of human subjects has been violated
This may include an investigation of the user’s institution 
Which may result in institution-wide sanctions, such as the suspension of all research grants 
The U.S. Attorney General, if federal law was violated. 
This may result in prosecution 
Courts may award payments of damages to any subject harmed by the breach of confidential data”
Quote from:
https://www.samhsa.gov/data/about-us/terms-and-conditions",,,10 GB,Version 1
DOT,"U.S. Hazardous Materials Shipments by Transportation Mode, 1971-2021",DOT - BTS,Department of Transportation,Bureau of Transportation Statistics,https://www.bts.gov/content/us-hazardous-materials-shipments-transportation-mode-2007,EDGI,NJY / naomi.yoder@envirodatagov.org,5/7/2026,All Archiving Done,Needs expertise,Yes,https://zenodo.org/records/18615013,,https://docs.google.com/document/d/1T4kfRUpZeP6F61xDobMNXyDDdAIKGGax4xkARLl9Vqc/edit?tab=t.0,847,MB ,,"The URL specified has one downloadable Excel spreadsheet. But contains menu links to much larger data sets such as Statistical Products and Data: https://www.bts.gov/browse-statistical-products-and-data. There's a lot of sorting through to be done to decide what datasets are worth archiving and how they should be grouped.  the spreadsheet doesn't have links in it...i downloaded all of the years ""National Transportation Statistics"" summaries, since they all report hazardous materials transport in them (the original entry was only for 2017) - NJY.",,Metadata_DOT_HazmatShipments_njy_020326_v1.docx,U.S. Hazardous Materials Shipments by Transportation Mode,,Replication Data from: DOT Hazmat Shipment Data,"Economy, Environment, Transportation, Utilities/Communication",,,https://www.bts.gov/content/us-hazardous-materials-shipments-transportation-mode-2007,10/6/2025,,"The Hazardous Materials Shipment datasets are a table in the National Transportation Statistics report, compiled every year by the Department of Transportation (DOT) and the Department of Commerce U.S. Census Bureau (DOC - Census).  For the 2021 Report, the Hazardous Materials tables were in Section 1.D (https://www.bts.gov/topics/national-transportation-statistics, accessed 2/3/2026).

For each year 1960, plus 1970 - 2020, all of the files downloaded were named with the year beginning the title.  Each year in the collection has at least the National Transportation Statistics report for that year; some years also have a “Commodity Flow Survey” (CFS) as well.  For the latter, “CFS” is in the filename title.  Where a file has “National Transportation Statistics” in the filename, that is a PDF printed from the landing page for that year’s report entry.  

For a couple of years (2021 and 2024, e.g.) there are tables or zip files also available, and for those as well if there is “CFS” in the filename it pertains to the Commodity Flow Survey, where no “CFS” means that file pertains to the National Transportation Statistics report.

Quoted from https://www.bts.gov/topics/national-transportation-statistics (accessed 2/3/2026):
“The National Transportation Statistics (NTS) is a collection of transportation data first published in November 1971.  “ 

Quoted from https://www.bts.gov/tsar (accessed 2/3/2026):
“The Transportation Statistics Annual Report (TSAR) presents an overview of the U.S. transportation system and key indicators, including data and statistics on passenger travel, freight movement, transportation and the economy, system reliability, safety, energy use, and the environmental impacts of transportation. The report also focuses on closing data gaps and improving the ways transportation statistics are collected, compiled, analyzed, and published.
BTS is required by its authorizing legislation to prepare and submit the Transportation Statistics Annual Report to Congress and the President each year.”",,,,Department of Transportation - Bureau of Transportation Statistics,https://doi.org/10.5281/zenodo.18615012,"naomi yoder, Environmental Data and Governance Initiative / Public Environmental Data Partners, naomi.yoder@envirodatagov.org (RocketChat handle @naomi, GitHub username @naomi-yoder)",2/11/2026,1969 - 2024,No,,,,"Quoted from https://rosap.ntl.bts.gov/view/dot/78040 (accessed 2/3/2026):
“The National Transportation Library (NTL) Collection Development and Maintenance Policy (Version 2.0) outlines the processes for acquiring, preserving, and providing access to transportation-related digital materials through the Repository & Open Science Access Portal (ROSA P). The policy outline's NTL's focus on collecting a wide range of transportation resources, including datasets, technical reports, and publications from U.S. Department of Transportation (USDOT), its partner agencies, and its grant recipients. The policy describes cataloging priorities, its preference for open file formats, and its permanent retention of materials. ROSA P as NTL's repository ensures broad public access to all USDOT and USDOT funded projects through its cataloging procedures and commitment to open science.”

Policy available here: https://rosap.ntl.bts.gov/view/dot/78040/dot_78040_DS1.pdf (accessed 2/3/2026)",,,missing,V1 - NJY 2/11/2026
NOAA,U.S. Sea Level Change,DOC - NOAA - Interagency Sea Level Task Force,Department of Commerce,National Oceanic and Atmospheric Administration - Interagency Sea Level Task Force,https://sealevel.globalchange.gov/national-sea-level-explorer/,EDGI,"naomi / naomi.yoder@envirodatagov.org, TT (Telewe)",5/8/2026,"All Archiving Done, Removed",,Yes,https://zenodo.org/records/17247198,,https://docs.google.com/document/d/1f7zj1J4QOjVBEC_CxRJSqKOaTpLMTlBm/edit,3,MB,,"Select each state in the explorer, then hit ""go"" and do a data download of that.  [Not sure why the note says ""very large"" since it's not a huge amount of data - i'm hoping there's not something missing that should have been captured and wasn't - NJY]  Very large",,Metadata_DOC-NOAA-InterAgency_SLR_njy_20251003.docx,Sea Level Rise Scenarios in the National Sea Level Explorer,,"InterAgency Task Force on Sea Level Rise, Sea Level Rise Scenarios, National Sea Level Explorer",Climatology/Climate Change; GeoScientific Information; Environment; Oceans,,,https://sealevel.globalchange.gov/national-sea-level-explorer/,4/18/2025,,"Background: In 2022, the Sea Level Rise and Coastal Flood Hazard Scenarios and Tools Interagency Task Force produced a Technical Report titled ""Global and Regional Sea Level Rise Scenarios for the United States: Updated Mean Projections and Extreme Water Level Probabilities Along U.S. Coastlines"". This report provides the most up-to-date sea level rise scenarios, available for all U.S. states and territories, out to the year 2150. It is the latest product from the Task Force, which includes the National Aeronautics and Space Administration, the National Oceanic Atmospheric Administration, Environmental Protection Agency, U.S. Geological Survey, and U.S. Army Corps of Engineer, along with partners in academia. The information in the report is intended to inform coastal communities and others about current and future sea level rise to help contextualize its effects for decision making purposes.

The U.S. Sea Level Change website builds upon this report and improves access to the information found within the report. The site provides federally-supported data visualizations coupled with explanations and science education to help communities prepare for challenges that will affect our coastal environments. By showing how sea levels are changing regionally, the site provides a foundation to inform decision making related to coastal planning, resource management, and emergency operations. This spreadsheet contains the data found in the National Sea Level Explorer. The National Sea Level Explorer provides data at the regional, state and tide-gauge level. Regional and state averages are created by combining data from the tide gauges and gridded values found within the boundaries of those regions and states.",No,No,There is a README tab in each State spreadsheet.  There is also a Data Dictionary in the README tab of each State spreadsheet.,InterAgency Task Force on Sea Level Rise,missing,Naomi Yoder,10/3/2025,2022 - 2051 predictions,No,,,,,"This data, curated and processed by the U.S. Interagency Taskforce on Sea Level Change (2024), was obtained from the U.S. Interagency Sea Level website at sealevel.globalchange.gov.",missing,missing,Version 1
BEA,US Data,DOC - BEA,Department of Commerce,Bureau of Economic Analysis,https://www.bea.gov/data/by-place-us,EDGI,NJY / naomi.yoder@envirodatagov.org,4/23/2026,All Archiving Done,Needs scripting,Yes,https://doi.org/10.5281/zenodo.17783602,"XLSX, PDF, JSON, XML",https://docs.google.com/document/d/1CejkUZQ2igS-609qDilDb0gVtt34mlUTAN7ifhcjNL8/edit?usp=drive_link,27.4,MB,10/1/2025,"Download data from interactive tables as PDF or CSV, use API to get JSON and XML, also has python and R packages. Seperate Methology PDFs. ",,Metadata_DOC-BEA_National_njy_20251201.docx,BEA Data By Place:  United States,,Replication Data for: DOC - BEA Data by Place: United States,"Demographics, Economy",,,https://www.bea.gov/data/by-place-us,10/1/2025,,"Data are from the Department of Commerce - Bureau of Economic Analysis (DOC - BEA).  The BEA website lists the following items available [quoted from the landing page (https://www.bea.gov/data/by-place-us); accessed 12/01/2025]:
United States
Gross Domestic Product
Gross Domestic Product
 GDP is a comprehensive measure of the U.S. economy and its growth
GDP by Industry
 Measures industries' performance and their contributions to GDP

Consumer Spending
Consumer Spending
 The nation's primary measure of consumer spending, or personal consumption expenditures
Personal Consumption Expenditures Price Index
 Measures inflation in the prices paid by people living in the United States
Personal Consumption Expenditures Price Index, Excluding Food and Energy
 The core PCE price index excludes two volatile categories to reveal underlying inflation
Income & Saving
Personal Income
 Wages, Social Security, interest, rents, and other income received by U.S. residents
Disposable Personal Income
 The income that's left after people pay their taxes
Personal Saving Rate
 The percentage of people's disposable income that they save instead of spending
Corporate Profits
 A key measure of the financial health of corporate America
Gross Domestic Income
 Another way of measuring GDP, using incomes instead of spending
Industries
GDP by Industry
 Measures industries' performance and their contributions to GDP
Gross Output by Industry
 A measure of an industry's sales or receipts
Input-Output Accounts
 A data set showing how industries interact with each other and with the rest of the economy
Employment by Industry
 Measures the nation's number of full- and part-time workers by industry
Integrated Industry-Level Production Account (KLEMS)
 Shows the industry-level sources of economic growth
Prices & Inflation
GDP Price Index
 Measures changes in prices paid for goods and services produced in the United States
GDP Price Deflator
 A price measure very similar to the GDP price index
Gross Domestic Purchases Price Index
 BEA's featured measure of price changes in the U.S. economy overall
Personal Consumption Expenditures Price Index
 Measures inflation in the prices paid by people living in the United States
Personal Consumption Expenditures Price Index, Excluding Food and Energy
 The core PCE price index excludes two volatile categories to reveal underlying inflation
Regional Price Parities by State and Metro Area
 Measure price levels that can be compared across states or metro areas
Health Care
 Measures spending to treat diseases and provides price indexes of treatments
Investment in Fixed Assets
Fixed Assets by Type
 Buildings, trucks, software, and more used in production for at least a year
Industry Fixed Assets
 The fixed assets owned by different industries
Government Fixed Assets
 The lasting assets owned by national, state, and local government
Government
Government Receipts and Expenditures
 Taxes, spending, and other transactions of national, state, and local government
Government Fixed Assets
 The lasting assets owned by national, state, and local government
Special Topics
Arts and Culture
 Showcases arts-related economic activity for the nation, all 50 states and D.C.
Digital Economy
 Measures the digital economy's contribution to U.S. GDP
Distribution of Personal Income
 Measures how households are sharing in the U.S. economy's growth
Economic Well-Being and Growth
 Measures trends in economic well-being and long-term growth
Global Value Chains
 Shows detail about the roles of U.S. exports and imports in complex global production chains
Government Finance Statistics-IMF Framework
 Adjusts BEA's government statistics to the International Monetary Fund's accounting framework
Health Care
 Measures spending to treat diseases and provides price indexes of treatments
Household Production
 Measures the value of unpaid work in the home, including cooking, cleaning, and child care
Intellectual Property
 Measures research and development, software, and other intellectual property
Marine Economy
 Measures the marine economy's contribution to U.S. GDP
Near Real-Time Spending
 Estimates spending from payment card transactions
Outdoor Recreation
 Measures the outdoor recreation economy
Research and Development
 Measures the contribution of research and development to the U.S. and state economies
Small Business
 Measures the economic health and contributions of small business
Space Economy
 Measures the economic contributions of private and government space endeavors
Travel and Tourism
 Measures the travel and tourism economy
Ultimate Host Economy
 Measures U.S. direct investment abroad by where the investments are ultimately located
There are multiple geographic levels available, plus multiple metrics for each category as well.  These data are for the National listings.  BEA publishes data at a Local and State scale as well.  For all three geographic levels (Local, State, National), there are 519 table types available, listed in the file BEA_All_Tables_Comprehensive.csv.  However, for each table, there are often multiple time periods (Annual, Quarterly) as well. The full listing of all tables contained in the entire 3 datasets is in BEA_Inventory_Report.xslx.  The latter can also be examined for files only occurring in the National dataset where the “Directory” column is “BEA_National”.
Most of the data for this National geography are in zip files.  Each of the categories of download have been zipped together, as well as the Python code for downloading.
Code for downloads and indexing and cataloging is available in both the BEA_Python_Scripts.zip and the GitHub repository at https://github.com/Public-Environmental-Data-Partners/scripts/tree/main/oneTimeHacks/BEA",No,No,,Department of Commerce - Bureau of Economic Analysis (DOC - BEA),https://doi.org/10.5281/zenodo.17783601,"naomi yoder, Environmental Data and Governance Initiative / Public Environmental Data Partners, naomi.yoder@envirodatagov.org (RocketChat handle @naomi, GitHub username @naomi-yoder)",12/1/2025,1901 - 2025,No,,,,"“The BEA Web site (www.bea.gov) is maintained under the direction of the U.S. Department of Commerce, an agency of the U.S. Government. The site contains official U.S. economic analysis data developed by BEA subject specialists and made accessible to the public through the BEA Web site and via BEA print publications. BEA seeks to strengthen the understanding of the U.S. economy and its competitive position by providing the most accurate and relevant Gross Domestic Product (GDP) and economic accounts data in a timely and cost-effective manner.
Organizations are free to link to the BEA Web site (www.bea.gov), and unless stated otherwise, the information posted on the BEA Web site is in the public domain and may be used or reproduced without specific permission. A citation such as ""Source: U.S. Bureau of Economic Analysis"" would be appreciated. Organizations may use the BEA logo on a Web page as an aid to establishing link identity, but use of the logo for any other purpose is prohibited.
As a U.S. Government agency, BEA is not permitted to endorse or recommend any commercial products or services that your organization may offer. Any reference or link that you establish to the BEA Web site must not contain information that suggests such an endorsement or recommendation by BEA. Similarly, any link that BEA determines should be placed on its official Web site will not contain information that endorses or recommends a referenced organization. Further, the BEA site does not accept advertising or provide promotional materials or services of any kind.”
https://www.bea.gov/about/policies-and-information/linking - accessed 11/24/2025","“BEA and the Department of Commerce have long-standing procedures that are designed to ensure that data dissemination to all interested members of the public occurs simultaneously. Furthermore, these procedures preserve the distinction between the policy-neutral release of data by statistical agencies and their interpretation by policy officials. The objectivity of BEA estimates is also fostered by the publication of methodologies and assumptions that allow a large number of economists and policy officials to replicate the estimates and thereby provide an independent check on the credibility and objectivity of the estimates. The BEA procedures adhere to the Office of Management and Budget (OMB) standards for data dissemination as described in ""Statistical Policy Directive on the Compilation, Release and Evaluation of Principal Federal Economic Indicators"", commonly known as Statistical Policy Directive No. 3. Although the Directive is aimed at principal economic indicators, a subset of economic indicators, the BEA procedures apply to all of the statistics it produces.
At BEA, strict procedures are followed to ensure that data are not disseminated before the official release time, except as authorized under Statistical Policy Directive No. 3. In order to protect its data from early release BEA:
Releases the data according to an announced schedule that minimizes the risk of pre-release access and instills confidence in the integrity of the data. The schedule is promulgated at least one year in advance and is immutable.
Limits access to data prior to release only to those with a clear need to know. There is no pre-release access or review outside of BEA by policy officials (all BEA staff are career employees) of the estimates, press release, or other materials related to the estimates.
Provides physical and computer security necessary to limit access to those with a need to know. (See the ""Integrity"" section of the Information Quality Guidelines.)
Ensures that no BEA employee inadvertently provides pre-release data to the media.
As provided for in Statistical Policy Directive No. 3, pre-release of principal economic indicators, GDP, Personal Income and Corporate Profits, is provided to the President through the Chairman of the Council of Economic Advisors. This release occurs only after the data have been approved and finalized within BEA and copies of materials for public release have been prepared.
Within one hour before the scheduled time of a news/public release of any data, the information to be released may be provided to the Under Secretary for Economic Affairs and other Commerce Department policy officials in a lock-up environment. There is no external communication of information from the lock-up until the time of public release.”
https://www.bea.gov/about/policies-and-information/data-dissemination - accessed 11/24/2025",missing,missing,v1
USGS,USGS Water Data for the Nation - Website Only,DOI - USGS,Department of the Interior,US Geological Survey,waterdata.usgs.gov/nwis,Source Cooperative,,8/5/2026,All Archiving Done,,Yes,https://source.coop/harvard-lil/gov-data/collections/data_gov/usgs-water-data-for-the-nation-2ee72/v1.zip,,https://docs.google.com/document/d/1FgViQFzTn-TY2I8LaY-gXSKCiU2sm-jS/edit,9.6,MB,,,,metadata_DOI-USGS_WaterData_JRJ_20241213_v1.docx,USGS Water data for the nation,,USGS Water data for the nation,"Utilities/Communication, Inland Waters",,,https://waterdata.usgs.gov/,12/13/2024,,The United States Geological Survey (USGS) collects water data at monitoring locations across the United States using automated sensors and manual data collection. Each monitoring location has location information that details the location name and identifier the agency responsible for data collection and geographic information about the location. Most monitoring locations have data available in one or more of the following categories of water data: continuous data daily data field measurements and discrete sample data. The site includes real-time and historic data. (from USGS website https://waterdata.usgs.gov/ 2026-08-05),,,"Harvard Library Innovation Lab (LiL) captured the website linked from the data.gov record, but they did NOT collect associated data files on the site. The site has APIs. “Water Data APIs provide USGS water data in machine-readable formats via REST APIs, a common framework applications use to search and download data. The dataRetrieval package simplifies the process of loading USGS water data into R or Python environments.”","Department of the Interior (DOI), United States Geological Survey (USGS)",https://source.coop/harvard-lil/gov-data/collections/data_gov/usgs-water-data-for-the-nation-2ee72/v1.zip,"James Jacobs, jrjacobs@stanford.edu",12/13/2024,12/31/2024,No,,,,"The United States Geological Survey (USGS) collects water data at monitoring locations across the United States using automated sensors and manual data collection. Each monitoring location has location information that details the location name and identifier, the agency responsible for data collection, and geographic information about the location. Most monitoring locations have data available in one or more of the following categories of water data: continuous data, daily data, field measurements, and discrete sample data. (from USGS website https://waterdata.usgs.gov/ 2026-08-05) 
https://waterdata.usgs.gov/statistics-documentation/","“Any use of trade, firm, or product names is for descriptive purposes only and does not imply endorsement by the U.S. Government. Although this information product, for the most part, is in the public domain, it also may contain copyrighted materials as noted in the text. Permission to reproduce copyrighted items must be secured from the copyright owner.” (from USGS website 2026-08-05) 

https://waterdata.usgs.gov/statistics-documentation/",,9.6 MB,V1
CDC,"Vaccine Codes, Respiratory, Fall Season ",DHHS - CDC,Department of Health and Human Services,Centers for Disease Control and Prevention,https://www.cdc.gov/iis/code-sets/fall-season-respiratory-codes.html,EDGI,NJY / naomi.yoder@envirodatagov.org,4/23/2026,All Archiving Done,,Yes,https://zenodo.org/records/17307906,,https://docs.google.com/document/d/1BY93W97yqLc-_SYE0FYc09PJJFFVDdySTp23gqG-eUo/edit?tab=t.0,1,MB,,Multiple sections of data are included on this page. This item is contained to the section that matched the Datset/Tool name. (size is 131 KB),,Metadata_DHHS-CDC_VaccineRespiratoryCodeSets_njy_20251009_v2.docx,Fall Season Respiratory Vaccine Codes,,"DHHS-CDC Vaccine Respiratory Data Code Sets for July 21st, 2025 (7/21/2025)","Health, Public Health",,,https://www.cdc.gov/iis/code-sets/fall-season-respiratory-codes.html,9/24/2025,,"The respiratory vaccine codes and crosswalk tables for RSV, COVID-19, and Influenza are provided in the following summary tables.",No,No,,"DHHS - CDC Department of Health and Human Services, Centers for Disease Control and Prevention",https://doi.org/10.5281/zenodo.17307906,"naomi yoder, naomi.yoder@envirodatagov.org",10/9/2025,Fall 2025,No,,,,,,,1 MB,"Version 1
V2 - Added size"
CDC,Vaccine Data Code Sets,DHHS - CDC,Department of Health and Human Services,Centers for Disease Control and Prevention,https://www.cdc.gov/iis/code-sets/index.html?CDC_AA_refVal=https%3A%2F%2Fwww.cdc.gov%2Fvaccines%2Fprograms%2Fiis%2Fcode-sets.html,EDGI,NJY / naomi.yoder@envirodatagov.org,4/23/2026,All Archiving Done,,Yes,https://zenodo.org/records/17281282,,https://docs.google.com/document/d/1q9U3P8uV6PaIwogXf6SiL57n_CoISmrrplNkorCeFGE/edit?tab=t.0,8.2,MB,,Multiple sections of data are included on this page. This item is contained to the section that matched the Datset/Tool name. ,,Metadata_DHHS-CDC_VaccineCodeSets_njy_20251002_v2.docx,"CDC Vaccine Data Code Sets, Sept. 17th 2025",,"DHHS-CDC Vaccine Data Code Sets for September 17th, 2025 (9/17/2025)","Health, Public Health",,,https://www.cdc.gov/iis/code-sets/index.html?CDC_AA_refVal=https%3A%2F%2Fwww.cdc.gov%2Fvaccines%2Fprograms%2Fiis%2Fcode-sets.html,9/24/2025,,"Vaccine Code Data Sets are released seasonally by the Centers for Disease Control and Prevention (CDC), to document the current manufacturer and date of a given set of vaccines.  Some vaccines remain relatively unchanged year to year, but some vaccines like influenza and COVID-19, change seasonally and yearly.  Code Data Sets refer to an identification number of the vaccines available, based on the date of their release and the manufacturer.  This information can be found in the “buisness_rules.pdf” file of this archive, as well as here:  https://www.cdc.gov/iis/downloads/business-rules.pdf .  The code sets themselves are encapsulated in the Excel files in this archive (where CVX is the time period and MVX is the manufacturer).  CPT is the Current Procedural Terminology and is the usage information for the vaccine.",No,No,,"DHHS - CDC Department of Health and Human Services, Centers for Disease Control and Prevention",https://doi.org/10.5281/zenodo.17281281,"naomi yoder, naomi.yoder@envirodatagov.org",10/6/2025,9/17/2025,No,,,,,,,8.2 MB,"Version 1
V2 - Added size"
CDC,Vaccine Schedules For You and Your Family,DHHS - CDC,Department of Health and Human Services,Centers for Disease Control and Prevention,https://www.cdc.gov/vaccines/imz-schedules/index.html,EDGI,NJY / naomi.yoder@envirodatagov.org,4/23/2026,All Archiving Done,,Yes,https://zenodo.org/records/17186876,PDF,https://docs.google.com/document/d/1aJk_YPA2z1gK7x99X66h_B49nNT9L6n0JMUyzjLqhZQ/edit?tab=t.0,35.5,MB,,,,Metadata_DHHS-CDC_VaccineSchedules_njy_20260518_v2.docx,Vaccine Schedules For You and Your Family,,DHHS-CDC Vaccine Schedules (9/19/2025),"Health, Public Health",,,https://www.cdc.gov/vaccines/imz-schedules/index.html,9/19/2025,,"From original website:  ""View easy-to-read immunization schedules by age group to see what vaccines are recommended for each member of your family."" (accessed 9/23/2025)
Vaccination immunization schedules by age group, current as of download date 9/19/2025.  From the Department of Health and Human Services (DHHS), Centers for Disease Control and Prevention (CDC).  Note that this is before the date when immunization schedules were changed on the website, as per the current preamble of the original website:  
“Pursuant to the preliminary order issued on March 16, 2026, in American Academy of Pediatrics et al. v. Kennedy et al., No. 1:25-cv-11916 (D. Mass.), which stayed all votes taken by the ACIP during its June, September and December 2025 meetings, and further stayed the Acting CDC Director’s January 5, 2026 Decision Memo revising the CDC’s childhood immunization schedule, the July 2, 2025 immunization schedules (as amended on April 27, 2026 to add the ACIP's April 2025 RSV recommendation for vaccination of high risk adults 50 – 59 as adopted by HHS) posted here are the current CDC Childhood and Adult Immunization Schedules by Age for Consumers. “ (accessed 5/18/2026)
Zip files are from previous years and are grouped by disease.",No,No,,"DHHS - CDC Department of Health and Human Services, Centers for Disease Control and Prevention",https://doi.org/10.5281/zenodo.17186876,"naomi yoder, naomi.yoder@envirodatagov.org",10/9/2025,Fall 2025,No,,,,,,,35.5 MB,"Version 1 - 5/18/26 - I guess i hadn’t created metadata for this yet so just going back now and creating it (NJY)
V2 - added size"
EPA,WebFIRE,EPA - ORD,Environmental Protection Agency,Office of Research and Development,https://cfpub.epa.gov/webfire/,OEDP,CR,8/7/2026,All Archiving Done,,Yes,https://github.com/oedp/epa-webfire,CSV,https://docs.google.com/document/d/1_F72FpMVQILoApqNNuiLR94zH4gquso0Wq6-o8NOnhM/edit?tab=t.0,30,MB,,Seperate Metadata: https://cfpub.epa.gov/webfire/#factor,,metadata_EPA_WebFire_EW_20250115_v1.docx,WebFIRE Emission Factors,,WebFire - EPA,"Pollution, Health, Fossil Fuels, Energy, Petrochemicals",,,https://cfpub.epa.gov/webfire/,1/15/2025,,"Quoted from https://cfpub.epa.gov/webfire/ (accessed 8/7/2026):
“WebFIRE is the EPA's online database that contains emissions factors for criteria and hazardous air pollutants (HAP) for industrial and non-industrial processes and multiple reports submitted to the EPA using the Compliance and Emissions Data Reporting Interface (CEDRI) in response to regulatory requirements under Parts 60 and 63 of Title 40 of the U.S. Code of Federal Regulations (CFR). WebFIRE also allows you to prepare batch downloads of WebFIRE emissions and facility information. Please note that the batch downloads include formula-based emission factors that are not retrieved in the WebFIRE emission factor search. WebFIRE contains emissions factors developed by the EPA for criteria pollutants and HAP for industrial and non-industrial processes. For each EPA emissions factor, WebFIRE contains descriptive information such as industry and source category type, control device information, the pollutants emitted, and supporting documentation (e.g., test reports).”",,,Metadata was created on 2026-08-05,Environmental Protection Agency (EPA),https://github.com/oedp/epa-webfire/,"Cathy Richards, hi@cathyr.com (archiver); Elyse Weaver, elyse.anneweaver@gmail.com (metadata)",1/15/2025,1968-01-01 - 2024-12-19,No,,,,"To assist State and local agencies in compiling data that is needed for purposes of developing the National Emissions Inventory (NEI), EPA developed emissions factors for Electric Generating Units (EGUs). These emissions factors were developed using about 200 of the over 400 stack test data that were collected as part of the Information Collection Requests (ICR’s) issued as part of the development of the Mercury and Air Toxics Standards (MATS) Rule. These factors were derived using an early version of EPA’s Draft 2013 Recommended Procedures for Development of Emissions Factors. These emissions factors have NOT gone through EPA public comment and review and therefore, should NOT be used for any purpose other than for development of the NEI, https://www.epa.gov/electronic-reporting-air-emissions/webfire",,,25.7 MB,Version 1.0
